,Target_image,First_similar,Second_similar,Third_similar
0,image_0001.jpg,image_0037.jpg,image_0016.jpg,image_0036.jpg
1,image_0002.jpg,image_0042.jpg,image_0051.jpg,image_0028.jpg
2,image_0003.jpg,image_0072.jpg,image_0027.jpg,image_0033.jpg
3,image_0004.jpg,image_0030.jpg,image_0019.jpg,image_0006.jpg
4,image_0005.jpg,image_0451.jpg,image_0018.jpg,image_0049.jpg
5,image_0006.jpg,image_0036.jpg,image_0021.jpg,image_0014.jpg
6,image_0007.jpg,image_1172.jpg,image_0027.jpg,image_0040.jpg
7,image_0008.jpg,image_1097.jpg,image_0049.jpg,image_1190.jpg
8,image_0009.jpg,image_0038.jpg,image_0021.jpg,image_0014.jpg
9,image_0010.jpg,image_0013.jpg,image_0051.jpg,image_0028.jpg
10,image_0011.jpg,image_1041.jpg,image_0016.jpg,image_0003.jpg
11,image_0012.jpg,image_0037.jpg,image_0072.jpg,image_1196.jpg
12,image_0013.jpg,image_0051.jpg,image_0028.jpg,image_0037.jpg
13,image_0014.jpg,image_0048.jpg,image_0026.jpg,image_0021.jpg
14,image_0015.jpg,image_0025.jpg,image_0021.jpg,image_0561.jpg
15,image_0016.jpg,image_0021.jpg,image_0026.jpg,image_0049.jpg
16,image_0017.jpg,image_0065.jpg,image_0001.jpg,image_0035.jpg
17,image_0018.jpg,image_0040.jpg,image_0072.jpg,image_1140.jpg
18,image_0019.jpg,image_0026.jpg,image_0025.jpg,image_0021.jpg
19,image_0020.jpg,image_0016.jpg,image_0001.jpg,image_0006.jpg
20,image_0021.jpg,image_0026.jpg,image_0014.jpg,image_0048.jpg
21,image_0022.jpg,image_1049.jpg,image_0021.jpg,image_0040.jpg
22,image_0023.jpg,image_0014.jpg,image_0048.jpg,image_0065.jpg
23,image_0024.jpg,image_0014.jpg,image_0048.jpg,image_0021.jpg
24,image_0025.jpg,image_0019.jpg,image_0024.jpg,image_0035.jpg
25,image_0026.jpg,image_0049.jpg,image_0014.jpg,image_0048.jpg
26,image_0027.jpg,image_1050.jpg,image_0040.jpg,image_0003.jpg
27,image_0028.jpg,image_0051.jpg,image_0046.jpg,image_0033.jpg
28,image_0029.jpg,image_0056.jpg,image_0588.jpg,image_0014.jpg
29,image_0030.jpg,image_0022.jpg,image_0004.jpg,image_1149.jpg
30,image_0031.jpg,image_0063.jpg,image_0065.jpg,image_0026.jpg
31,image_0032.jpg,image_0451.jpg,image_0012.jpg,image_0037.jpg
32,image_0033.jpg,image_0046.jpg,image_0583.jpg,image_1212.jpg
33,image_0034.jpg,image_0058.jpg,image_0021.jpg,image_0018.jpg
34,image_0035.jpg,image_0025.jpg,image_0024.jpg,image_0017.jpg
35,image_0036.jpg,image_0006.jpg,image_0021.jpg,image_0040.jpg
36,image_0037.jpg,image_0012.jpg,image_0001.jpg,image_0451.jpg
37,image_0038.jpg,image_0036.jpg,image_0021.jpg,image_0035.jpg
38,image_0039.jpg,image_0034.jpg,image_0017.jpg,image_0035.jpg
39,image_0040.jpg,image_1050.jpg,image_0080.jpg,image_0614.jpg
40,image_0041.jpg,image_0037.jpg,image_0018.jpg,image_1061.jpg
41,image_0042.jpg,image_0002.jpg,image_0051.jpg,image_0028.jpg
42,image_0043.jpg,image_0609.jpg,image_0072.jpg,image_1190.jpg
43,image_0044.jpg,image_0028.jpg,image_0051.jpg,image_0221.jpg
44,image_0045.jpg,image_0105.jpg,image_0053.jpg,image_0696.jpg
45,image_0046.jpg,image_0033.jpg,image_0583.jpg,image_1212.jpg
46,image_0047.jpg,image_1167.jpg,image_0043.jpg,image_0052.jpg
47,image_0048.jpg,image_0014.jpg,image_0026.jpg,image_0021.jpg
48,image_0049.jpg,image_0026.jpg,image_0014.jpg,image_0048.jpg
49,image_0050.jpg,image_0600.jpg,image_1163.jpg,image_1116.jpg
50,image_0051.jpg,image_0028.jpg,image_0046.jpg,image_0033.jpg
51,image_0052.jpg,image_0569.jpg,image_0585.jpg,image_1263.jpg
52,image_0053.jpg,image_0002.jpg,image_0042.jpg,image_0055.jpg
53,image_0054.jpg,image_1066.jpg,image_1106.jpg,image_1105.jpg
54,image_0055.jpg,image_0451.jpg,image_0049.jpg,image_0037.jpg
55,image_0056.jpg,image_0029.jpg,image_0581.jpg,image_0046.jpg
56,image_0057.jpg,image_0062.jpg,image_0451.jpg,image_0075.jpg
57,image_0058.jpg,image_0034.jpg,image_0564.jpg,image_0583.jpg
58,image_0059.jpg,image_0030.jpg,image_0034.jpg,image_0004.jpg
59,image_0060.jpg,image_0585.jpg,image_0028.jpg,image_0051.jpg
60,image_0061.jpg,image_0001.jpg,image_0007.jpg,image_0451.jpg
61,image_0062.jpg,image_0037.jpg,image_0051.jpg,image_0028.jpg
62,image_0063.jpg,image_0031.jpg,image_0065.jpg,image_0026.jpg
63,image_0064.jpg,image_0063.jpg,image_0031.jpg,image_0586.jpg
64,image_0065.jpg,image_0031.jpg,image_0063.jpg,image_0023.jpg
65,image_0066.jpg,image_0111.jpg,image_0065.jpg,image_0064.jpg
66,image_0067.jpg,image_1048.jpg,image_0024.jpg,image_0026.jpg
67,image_0068.jpg,image_0573.jpg,image_0076.jpg,image_0047.jpg
68,image_0069.jpg,image_1034.jpg,image_1167.jpg,image_1047.jpg
69,image_0070.jpg,image_1076.jpg,image_1119.jpg,image_0081.jpg
70,image_0071.jpg,image_1049.jpg,image_1026.jpg,image_0001.jpg
71,image_0072.jpg,image_0609.jpg,image_0043.jpg,image_1180.jpg
72,image_0073.jpg,image_0043.jpg,image_0011.jpg,image_1172.jpg
73,image_0074.jpg,image_1047.jpg,image_1267.jpg,image_0614.jpg
74,image_0075.jpg,image_0132.jpg,image_0057.jpg,image_0137.jpg
75,image_0076.jpg,image_0573.jpg,image_0600.jpg,image_0571.jpg
76,image_0077.jpg,image_0002.jpg,image_0042.jpg,image_0057.jpg
77,image_0078.jpg,image_1163.jpg,image_1079.jpg,image_0595.jpg
78,image_0079.jpg,image_0584.jpg,image_0052.jpg,image_1028.jpg
79,image_0080.jpg,image_0040.jpg,image_1050.jpg,image_1139.jpg
80,image_0081.jpg,image_0180.jpg,image_1339.jpg,image_0082.jpg
81,image_0082.jpg,image_0087.jpg,image_0093.jpg,image_0092.jpg
82,image_0083.jpg,image_0113.jpg,image_0098.jpg,image_0089.jpg
83,image_0084.jpg,image_0135.jpg,image_0104.jpg,image_0102.jpg
84,image_0085.jpg,image_0105.jpg,image_0089.jpg,image_0113.jpg
85,image_0086.jpg,image_0138.jpg,image_0127.jpg,image_0233.jpg
86,image_0087.jpg,image_0082.jpg,image_0092.jpg,image_0105.jpg
87,image_0088.jpg,image_0093.jpg,image_0091.jpg,image_0100.jpg
88,image_0089.jpg,image_0107.jpg,image_0093.jpg,image_0091.jpg
89,image_0090.jpg,image_0100.jpg,image_0094.jpg,image_0093.jpg
90,image_0091.jpg,image_0093.jpg,image_0089.jpg,image_0088.jpg
91,image_0092.jpg,image_0087.jpg,image_0082.jpg,image_0107.jpg
92,image_0093.jpg,image_0082.jpg,image_0091.jpg,image_0081.jpg
93,image_0094.jpg,image_0138.jpg,image_0100.jpg,image_0090.jpg
94,image_0095.jpg,image_0093.jpg,image_0082.jpg,image_0617.jpg
95,image_0096.jpg,image_0103.jpg,image_0144.jpg,image_0107.jpg
96,image_0097.jpg,image_0082.jpg,image_0096.jpg,image_0087.jpg
97,image_0098.jpg,image_0113.jpg,image_0112.jpg,image_0082.jpg
98,image_0099.jpg,image_0083.jpg,image_0102.jpg,image_0112.jpg
99,image_0100.jpg,image_0090.jpg,image_0093.jpg,image_0094.jpg
100,image_0101.jpg,image_0082.jpg,image_0081.jpg,image_0127.jpg
101,image_0102.jpg,image_0113.jpg,image_0104.jpg,image_0107.jpg
102,image_0103.jpg,image_0087.jpg,image_0082.jpg,image_1238.jpg
103,image_0104.jpg,image_0150.jpg,image_0107.jpg,image_0113.jpg
104,image_0105.jpg,image_0087.jpg,image_0107.jpg,image_0085.jpg
105,image_0106.jpg,image_0121.jpg,image_0185.jpg,image_0108.jpg
106,image_0107.jpg,image_0092.jpg,image_0087.jpg,image_0089.jpg
107,image_0108.jpg,image_0106.jpg,image_0121.jpg,image_0134.jpg
108,image_0109.jpg,image_0090.jpg,image_0100.jpg,image_0115.jpg
109,image_0110.jpg,image_0107.jpg,image_0103.jpg,image_0159.jpg
110,image_0111.jpg,image_0096.jpg,image_0066.jpg,image_0097.jpg
111,image_0112.jpg,image_0098.jpg,image_0113.jpg,image_0089.jpg
112,image_0113.jpg,image_0098.jpg,image_0104.jpg,image_0082.jpg
113,image_0114.jpg,image_0187.jpg,image_0117.jpg,image_0101.jpg
114,image_0115.jpg,image_0135.jpg,image_0150.jpg,image_0133.jpg
115,image_0116.jpg,image_1105.jpg,image_0138.jpg,image_0197.jpg
116,image_0117.jpg,image_0306.jpg,image_0187.jpg,image_0595.jpg
117,image_0118.jpg,image_0416.jpg,image_0413.jpg,image_0456.jpg
118,image_0119.jpg,image_0124.jpg,image_0615.jpg,image_0149.jpg
119,image_0120.jpg,image_0126.jpg,image_0132.jpg,image_0123.jpg
120,image_0121.jpg,image_0106.jpg,image_0108.jpg,image_0119.jpg
121,image_0122.jpg,image_0156.jpg,image_0147.jpg,image_0142.jpg
122,image_0123.jpg,image_0151.jpg,image_0152.jpg,image_0140.jpg
123,image_0124.jpg,image_0119.jpg,image_0116.jpg,image_0173.jpg
124,image_0125.jpg,image_0160.jpg,image_0287.jpg,image_0180.jpg
125,image_0126.jpg,image_0120.jpg,image_0160.jpg,image_0140.jpg
126,image_0127.jpg,image_0233.jpg,image_0223.jpg,image_0192.jpg
127,image_0128.jpg,image_0087.jpg,image_1252.jpg,image_0160.jpg
128,image_0129.jpg,image_0142.jpg,image_1113.jpg,image_0635.jpg
129,image_0130.jpg,image_0134.jpg,image_0383.jpg,image_0131.jpg
130,image_0131.jpg,image_0357.jpg,image_0356.jpg,image_0134.jpg
131,image_0132.jpg,image_0137.jpg,image_0120.jpg,image_0157.jpg
132,image_0133.jpg,image_0115.jpg,image_0107.jpg,image_0105.jpg
133,image_0134.jpg,image_0130.jpg,image_0131.jpg,image_0389.jpg
134,image_0135.jpg,image_0150.jpg,image_0115.jpg,image_0104.jpg
135,image_0136.jpg,image_0233.jpg,image_1119.jpg,image_0553.jpg
136,image_0137.jpg,image_0132.jpg,image_0357.jpg,image_0130.jpg
137,image_0138.jpg,image_0116.jpg,image_0633.jpg,image_1084.jpg
138,image_0139.jpg,image_1082.jpg,image_1075.jpg,image_0309.jpg
139,image_0140.jpg,image_0219.jpg,image_0123.jpg,image_0152.jpg
140,image_0141.jpg,image_0223.jpg,image_0168.jpg,image_0127.jpg
141,image_0142.jpg,image_1299.jpg,image_0138.jpg,image_0160.jpg
142,image_0143.jpg,image_0615.jpg,image_1076.jpg,image_0639.jpg
143,image_0144.jpg,image_0096.jpg,image_0149.jpg,image_0089.jpg
144,image_0145.jpg,image_0156.jpg,image_0142.jpg,image_0147.jpg
145,image_0146.jpg,image_0155.jpg,image_0263.jpg,image_0102.jpg
146,image_0147.jpg,image_0156.jpg,image_0122.jpg,image_0120.jpg
147,image_0148.jpg,image_0924.jpg,image_0158.jpg,image_0638.jpg
148,image_0149.jpg,image_0127.jpg,image_0052.jpg,image_0119.jpg
149,image_0150.jpg,image_0104.jpg,image_0135.jpg,image_0226.jpg
150,image_0151.jpg,image_0123.jpg,image_0152.jpg,image_0140.jpg
151,image_0152.jpg,image_0151.jpg,image_0123.jpg,image_0633.jpg
152,image_0153.jpg,image_0197.jpg,image_0116.jpg,image_0382.jpg
153,image_0154.jpg,image_0116.jpg,image_0124.jpg,image_0606.jpg
154,image_0155.jpg,image_0264.jpg,image_0137.jpg,image_0315.jpg
155,image_0156.jpg,image_0147.jpg,image_0122.jpg,image_0145.jpg
156,image_0157.jpg,image_0132.jpg,image_0130.jpg,image_0134.jpg
157,image_0158.jpg,image_0367.jpg,image_0137.jpg,image_0130.jpg
158,image_0159.jpg,image_0100.jpg,image_0090.jpg,image_0107.jpg
159,image_0160.jpg,image_0125.jpg,image_1254.jpg,image_0287.jpg
160,image_0161.jpg,image_0171.jpg,image_0697.jpg,image_0235.jpg
161,image_0162.jpg,image_0163.jpg,image_1316.jpg,image_0165.jpg
162,image_0163.jpg,image_1316.jpg,image_1203.jpg,image_0181.jpg
163,image_0164.jpg,image_0172.jpg,image_0232.jpg,image_0206.jpg
164,image_0165.jpg,image_1269.jpg,image_0211.jpg,image_0224.jpg
165,image_0166.jpg,image_1350.jpg,image_0401.jpg,image_1316.jpg
166,image_0167.jpg,image_0220.jpg,image_0234.jpg,image_0175.jpg
167,image_0168.jpg,image_0209.jpg,image_0196.jpg,image_0188.jpg
168,image_0169.jpg,image_0234.jpg,image_0168.jpg,image_0167.jpg
169,image_0170.jpg,image_0449.jpg,image_0189.jpg,image_0124.jpg
170,image_0171.jpg,image_0161.jpg,image_0235.jpg,image_0179.jpg
171,image_0172.jpg,image_0175.jpg,image_0174.jpg,image_0180.jpg
172,image_0173.jpg,image_0239.jpg,image_0229.jpg,image_1084.jpg
173,image_0174.jpg,image_0234.jpg,image_0206.jpg,image_0172.jpg
174,image_0175.jpg,image_0224.jpg,image_0203.jpg,image_0207.jpg
175,image_0176.jpg,image_0215.jpg,image_0180.jpg,image_0175.jpg
176,image_0177.jpg,image_0558.jpg,image_0314.jpg,image_0297.jpg
177,image_0178.jpg,image_0224.jpg,image_0237.jpg,image_0175.jpg
178,image_0179.jpg,image_0232.jpg,image_0174.jpg,image_0203.jpg
179,image_0180.jpg,image_1167.jpg,image_1346.jpg,image_1301.jpg
180,image_0181.jpg,image_0163.jpg,image_0234.jpg,image_0169.jpg
181,image_0182.jpg,image_0212.jpg,image_0150.jpg,image_0179.jpg
182,image_0183.jpg,image_0196.jpg,image_0168.jpg,image_0223.jpg
183,image_0184.jpg,image_0168.jpg,image_0204.jpg,image_0209.jpg
184,image_0185.jpg,image_0192.jpg,image_0106.jpg,image_0198.jpg
185,image_0186.jpg,image_0188.jpg,image_0196.jpg,image_0168.jpg
186,image_0187.jpg,image_0602.jpg,image_0117.jpg,image_0306.jpg
187,image_0188.jpg,image_0196.jpg,image_0168.jpg,image_0218.jpg
188,image_0189.jpg,image_0221.jpg,image_0217.jpg,image_0222.jpg
189,image_0190.jpg,image_0231.jpg,image_0206.jpg,image_0188.jpg
190,image_0191.jpg,image_0196.jpg,image_0188.jpg,image_0168.jpg
191,image_0192.jpg,image_0233.jpg,image_0127.jpg,image_0226.jpg
192,image_0193.jpg,image_0231.jpg,image_0167.jpg,image_0220.jpg
193,image_0194.jpg,image_0222.jpg,image_1100.jpg,image_1096.jpg
194,image_0195.jpg,image_0209.jpg,image_0223.jpg,image_0168.jpg
195,image_0196.jpg,image_0188.jpg,image_0168.jpg,image_0218.jpg
196,image_0197.jpg,image_0116.jpg,image_0950.jpg,image_0153.jpg
197,image_0198.jpg,image_0185.jpg,image_0217.jpg,image_0106.jpg
198,image_0199.jpg,image_0163.jpg,image_1316.jpg,image_1216.jpg
199,image_0200.jpg,image_0201.jpg,image_0231.jpg,image_0202.jpg
200,image_0201.jpg,image_0220.jpg,image_0237.jpg,image_0188.jpg
201,image_0202.jpg,image_0201.jpg,image_0228.jpg,image_0188.jpg
202,image_0203.jpg,image_0175.jpg,image_0232.jpg,image_0165.jpg
203,image_0204.jpg,image_0184.jpg,image_0168.jpg,image_0209.jpg
204,image_0205.jpg,image_0224.jpg,image_0227.jpg,image_0213.jpg
205,image_0206.jpg,image_0186.jpg,image_0188.jpg,image_0196.jpg
206,image_0207.jpg,image_0237.jpg,image_0218.jpg,image_0224.jpg
207,image_0208.jpg,image_0237.jpg,image_0207.jpg,image_0213.jpg
208,image_0209.jpg,image_0168.jpg,image_0196.jpg,image_0218.jpg
209,image_0210.jpg,image_0238.jpg,image_0127.jpg,image_0223.jpg
210,image_0211.jpg,image_1096.jpg,image_0222.jpg,image_1073.jpg
211,image_0212.jpg,image_0182.jpg,image_0150.jpg,image_0226.jpg
212,image_0213.jpg,image_0237.jpg,image_0234.jpg,image_0184.jpg
213,image_0214.jpg,image_0233.jpg,image_0201.jpg,image_0167.jpg
214,image_0215.jpg,image_0203.jpg,image_0079.jpg,image_1269.jpg
215,image_0216.jpg,image_0943.jpg,image_0047.jpg,image_1167.jpg
216,image_0217.jpg,image_0229.jpg,image_0168.jpg,image_0188.jpg
217,image_0218.jpg,image_0196.jpg,image_0188.jpg,image_0209.jpg
218,image_0219.jpg,image_0237.jpg,image_0213.jpg,image_0221.jpg
219,image_0220.jpg,image_0237.jpg,image_0201.jpg,image_0207.jpg
220,image_0221.jpg,image_0218.jpg,image_0184.jpg,image_0196.jpg
221,image_0222.jpg,image_0194.jpg,image_0211.jpg,image_0234.jpg
222,image_0223.jpg,image_0168.jpg,image_0209.jpg,image_0196.jpg
223,image_0224.jpg,image_0237.jpg,image_0207.jpg,image_0175.jpg
224,image_0225.jpg,image_0226.jpg,image_0188.jpg,image_0217.jpg
225,image_0226.jpg,image_0233.jpg,image_0186.jpg,image_0192.jpg
226,image_0227.jpg,image_0205.jpg,image_0224.jpg,image_0211.jpg
227,image_0228.jpg,image_0202.jpg,image_0195.jpg,image_0201.jpg
228,image_0229.jpg,image_0217.jpg,image_0221.jpg,image_0204.jpg
229,image_0230.jpg,image_0202.jpg,image_0201.jpg,image_0168.jpg
230,image_0231.jpg,image_0188.jpg,image_0217.jpg,image_0168.jpg
231,image_0232.jpg,image_0179.jpg,image_0175.jpg,image_0206.jpg
232,image_0233.jpg,image_0192.jpg,image_0226.jpg,image_0127.jpg
233,image_0234.jpg,image_0213.jpg,image_0168.jpg,image_0224.jpg
234,image_0235.jpg,image_0206.jpg,image_0239.jpg,image_0231.jpg
235,image_0236.jpg,image_0201.jpg,image_0301.jpg,image_0167.jpg
236,image_0237.jpg,image_0207.jpg,image_0220.jpg,image_0168.jpg
237,image_0238.jpg,image_1264.jpg,image_0210.jpg,image_0187.jpg
238,image_0239.jpg,image_0173.jpg,image_0229.jpg,image_0206.jpg
239,image_0240.jpg,image_0693.jpg,image_0671.jpg,image_0695.jpg
240,image_0241.jpg,image_0244.jpg,image_0268.jpg,image_0243.jpg
241,image_0242.jpg,image_0243.jpg,image_0244.jpg,image_0241.jpg
242,image_0243.jpg,image_0242.jpg,image_0244.jpg,image_0241.jpg
243,image_0244.jpg,image_0242.jpg,image_0243.jpg,image_0241.jpg
244,image_0245.jpg,image_0246.jpg,image_0243.jpg,image_0311.jpg
245,image_0246.jpg,image_0245.jpg,image_0244.jpg,image_0277.jpg
246,image_0247.jpg,image_0248.jpg,image_0249.jpg,image_0250.jpg
247,image_0248.jpg,image_0247.jpg,image_0418.jpg,image_0446.jpg
248,image_0249.jpg,image_0250.jpg,image_0251.jpg,image_0269.jpg
249,image_0250.jpg,image_0249.jpg,image_0251.jpg,image_0266.jpg
250,image_0251.jpg,image_0249.jpg,image_0250.jpg,image_0246.jpg
251,image_0252.jpg,image_0241.jpg,image_0341.jpg,image_0245.jpg
252,image_0253.jpg,image_0241.jpg,image_0268.jpg,image_0270.jpg
253,image_0254.jpg,image_0269.jpg,image_0244.jpg,image_0242.jpg
254,image_0255.jpg,image_0321.jpg,image_0277.jpg,image_0351.jpg
255,image_0256.jpg,image_0296.jpg,image_0275.jpg,image_0314.jpg
256,image_0257.jpg,image_0315.jpg,image_0263.jpg,image_0262.jpg
257,image_0258.jpg,image_0284.jpg,image_0271.jpg,image_0304.jpg
258,image_0259.jpg,image_0243.jpg,image_0242.jpg,image_0300.jpg
259,image_0260.jpg,image_0255.jpg,image_0351.jpg,image_0328.jpg
260,image_0261.jpg,image_0479.jpg,image_0300.jpg,image_0288.jpg
261,image_0262.jpg,image_0310.jpg,image_0280.jpg,image_0295.jpg
262,image_0263.jpg,image_0310.jpg,image_0264.jpg,image_0315.jpg
263,image_0264.jpg,image_0268.jpg,image_0452.jpg,image_0253.jpg
264,image_0265.jpg,image_0266.jpg,image_0270.jpg,image_0300.jpg
265,image_0266.jpg,image_0265.jpg,image_0272.jpg,image_0241.jpg
266,image_0267.jpg,image_0269.jpg,image_0270.jpg,image_0300.jpg
267,image_0268.jpg,image_0241.jpg,image_0300.jpg,image_0253.jpg
268,image_0269.jpg,image_0270.jpg,image_0271.jpg,image_0267.jpg
269,image_0270.jpg,image_0271.jpg,image_0269.jpg,image_0272.jpg
270,image_0271.jpg,image_0270.jpg,image_0269.jpg,image_0272.jpg
271,image_0272.jpg,image_0270.jpg,image_0271.jpg,image_0265.jpg
272,image_0273.jpg,image_0269.jpg,image_0267.jpg,image_0250.jpg
273,image_0274.jpg,image_0310.jpg,image_0312.jpg,image_0313.jpg
274,image_0275.jpg,image_0281.jpg,image_0284.jpg,image_0280.jpg
275,image_0276.jpg,image_0277.jpg,image_0245.jpg,image_0243.jpg
276,image_0277.jpg,image_0276.jpg,image_0285.jpg,image_0300.jpg
277,image_0278.jpg,image_0385.jpg,image_0383.jpg,image_0416.jpg
278,image_0279.jpg,image_0294.jpg,image_0318.jpg,image_0304.jpg
279,image_0280.jpg,image_0275.jpg,image_0284.jpg,image_0262.jpg
280,image_0281.jpg,image_0275.jpg,image_0309.jpg,image_0310.jpg
281,image_0282.jpg,image_0284.jpg,image_0318.jpg,image_0351.jpg
282,image_0283.jpg,image_1358.jpg,image_0289.jpg,image_0290.jpg
283,image_0284.jpg,image_0289.jpg,image_0290.jpg,image_0275.jpg
284,image_0285.jpg,image_1359.jpg,image_1288.jpg,image_0277.jpg
285,image_0286.jpg,image_0305.jpg,image_0288.jpg,image_0279.jpg
286,image_0287.jpg,image_0125.jpg,image_1073.jpg,image_1086.jpg
287,image_0288.jpg,image_0293.jpg,image_0303.jpg,image_0305.jpg
288,image_0289.jpg,image_0290.jpg,image_1358.jpg,image_0284.jpg
289,image_0290.jpg,image_0289.jpg,image_0318.jpg,image_0351.jpg
290,image_0291.jpg,image_0115.jpg,image_0135.jpg,image_0318.jpg
291,image_0292.jpg,image_0288.jpg,image_0312.jpg,image_0319.jpg
292,image_0293.jpg,image_0303.jpg,image_0288.jpg,image_0305.jpg
293,image_0294.jpg,image_1032.jpg,image_0279.jpg,image_0303.jpg
294,image_0295.jpg,image_0309.jpg,image_0289.jpg,image_0284.jpg
295,image_0296.jpg,image_0256.jpg,image_0263.jpg,image_0314.jpg
296,image_0297.jpg,image_0272.jpg,image_0300.jpg,image_0285.jpg
297,image_0298.jpg,image_0302.jpg,image_0309.jpg,image_0312.jpg
298,image_0299.jpg,image_0310.jpg,image_0255.jpg,image_0318.jpg
299,image_0300.jpg,image_0304.jpg,image_0261.jpg,image_0265.jpg
300,image_0301.jpg,image_0302.jpg,image_0298.jpg,image_0167.jpg
301,image_0302.jpg,image_0298.jpg,image_0301.jpg,image_0312.jpg
302,image_0303.jpg,image_0293.jpg,image_0288.jpg,image_0307.jpg
303,image_0304.jpg,image_0300.jpg,image_0279.jpg,image_0311.jpg
304,image_0305.jpg,image_0288.jpg,image_0293.jpg,image_1356.jpg
305,image_0306.jpg,image_0595.jpg,image_0117.jpg,image_1343.jpg
306,image_0307.jpg,image_0303.jpg,image_0312.jpg,image_0311.jpg
307,image_0308.jpg,image_0288.jpg,image_0303.jpg,image_0293.jpg
308,image_0309.jpg,image_0313.jpg,image_0312.jpg,image_0311.jpg
309,image_0310.jpg,image_0312.jpg,image_0311.jpg,image_0274.jpg
310,image_0311.jpg,image_0312.jpg,image_0313.jpg,image_0309.jpg
311,image_0312.jpg,image_0311.jpg,image_0313.jpg,image_0309.jpg
312,image_0313.jpg,image_0312.jpg,image_0311.jpg,image_0309.jpg
313,image_0314.jpg,image_0317.jpg,image_0256.jpg,image_0272.jpg
314,image_0315.jpg,image_0264.jpg,image_0257.jpg,image_0263.jpg
315,image_0316.jpg,image_0317.jpg,image_0255.jpg,image_0314.jpg
316,image_0317.jpg,image_0316.jpg,image_0255.jpg,image_1336.jpg
317,image_0318.jpg,image_0279.jpg,image_0290.jpg,image_0351.jpg
318,image_0319.jpg,image_0292.jpg,image_0309.jpg,image_0284.jpg
319,image_0320.jpg,image_0309.jpg,image_1110.jpg,image_0319.jpg
320,image_0321.jpg,image_0351.jpg,image_0371.jpg,image_0333.jpg
321,image_0322.jpg,image_0329.jpg,image_0342.jpg,image_0353.jpg
322,image_0323.jpg,image_0337.jpg,image_0325.jpg,image_0343.jpg
323,image_0324.jpg,image_0246.jpg,image_1302.jpg,image_1288.jpg
324,image_0325.jpg,image_0349.jpg,image_0340.jpg,image_0351.jpg
325,image_0326.jpg,image_0358.jpg,image_0379.jpg,image_0373.jpg
326,image_0327.jpg,image_0332.jpg,image_1255.jpg,image_0363.jpg
327,image_0328.jpg,image_0351.jpg,image_0321.jpg,image_0333.jpg
328,image_0329.jpg,image_0373.jpg,image_0625.jpg,image_0322.jpg
329,image_0330.jpg,image_0342.jpg,image_0349.jpg,image_1333.jpg
330,image_0331.jpg,image_0360.jpg,image_0339.jpg,image_0340.jpg
331,image_0332.jpg,image_0335.jpg,image_0416.jpg,image_0345.jpg
332,image_0333.jpg,image_0321.jpg,image_0351.jpg,image_0349.jpg
333,image_0334.jpg,image_0288.jpg,image_0374.jpg,image_1359.jpg
334,image_0335.jpg,image_0332.jpg,image_0870.jpg,image_1252.jpg
335,image_0336.jpg,image_0346.jpg,image_1234.jpg,image_1215.jpg
336,image_0337.jpg,image_0344.jpg,image_0343.jpg,image_0277.jpg
337,image_0338.jpg,image_0870.jpg,image_0340.jpg,image_0348.jpg
338,image_0339.jpg,image_0331.jpg,image_0325.jpg,image_0340.jpg
339,image_0340.jpg,image_0325.jpg,image_0354.jpg,image_0360.jpg
340,image_0341.jpg,image_0371.jpg,image_0368.jpg,image_0321.jpg
341,image_0342.jpg,image_0330.jpg,image_0322.jpg,image_0339.jpg
342,image_0343.jpg,image_0321.jpg,image_0333.jpg,image_1326.jpg
343,image_0344.jpg,image_0321.jpg,image_0337.jpg,image_0277.jpg
344,image_0345.jpg,image_0332.jpg,image_0363.jpg,image_0383.jpg
345,image_0346.jpg,image_1215.jpg,image_0324.jpg,image_1304.jpg
346,image_0347.jpg,image_0364.jpg,image_0480.jpg,image_0374.jpg
347,image_0348.jpg,image_0352.jpg,image_0093.jpg,image_0345.jpg
348,image_0349.jpg,image_0325.jpg,image_0333.jpg,image_1341.jpg
349,image_0350.jpg,image_0374.jpg,image_1309.jpg,image_1359.jpg
350,image_0351.jpg,image_0321.jpg,image_0290.jpg,image_0371.jpg
351,image_0352.jpg,image_1263.jpg,image_0348.jpg,image_0093.jpg
352,image_0353.jpg,image_1299.jpg,image_0325.jpg,image_0354.jpg
353,image_0354.jpg,image_0351.jpg,image_0360.jpg,image_0340.jpg
354,image_0355.jpg,image_0333.jpg,image_1360.jpg,image_0400.jpg
355,image_0356.jpg,image_0362.jpg,image_0379.jpg,image_0364.jpg
356,image_0357.jpg,image_0363.jpg,image_0356.jpg,image_0384.jpg
357,image_0358.jpg,image_0326.jpg,image_0390.jpg,image_0333.jpg
358,image_0359.jpg,image_0295.jpg,image_0328.jpg,image_0377.jpg
359,image_0360.jpg,image_0354.jpg,image_0325.jpg,image_0351.jpg
360,image_0361.jpg,image_0347.jpg,image_0303.jpg,image_0288.jpg
361,image_0362.jpg,image_0356.jpg,image_0305.jpg,image_0373.jpg
362,image_0363.jpg,image_0357.jpg,image_1276.jpg,image_0803.jpg
363,image_0364.jpg,image_0356.jpg,image_0347.jpg,image_0362.jpg
364,image_0365.jpg,image_0364.jpg,image_0362.jpg,image_0372.jpg
365,image_0366.jpg,image_1273.jpg,image_1337.jpg,image_1091.jpg
366,image_0367.jpg,image_0369.jpg,image_0370.jpg,image_0268.jpg
367,image_0368.jpg,image_0371.jpg,image_0341.jpg,image_0364.jpg
368,image_0369.jpg,image_0367.jpg,image_0365.jpg,image_0370.jpg
369,image_0370.jpg,image_0367.jpg,image_0369.jpg,image_0264.jpg
370,image_0371.jpg,image_0321.jpg,image_0356.jpg,image_0288.jpg
371,image_0372.jpg,image_0347.jpg,image_1281.jpg,image_0480.jpg
372,image_0373.jpg,image_0379.jpg,image_0362.jpg,image_0392.jpg
373,image_0374.jpg,image_0350.jpg,image_1359.jpg,image_1309.jpg
374,image_0375.jpg,image_1068.jpg,image_1075.jpg,image_0349.jpg
375,image_0376.jpg,image_0373.jpg,image_0394.jpg,image_0362.jpg
376,image_0377.jpg,image_0380.jpg,image_0368.jpg,image_0371.jpg
377,image_0378.jpg,image_0377.jpg,image_0712.jpg,image_0380.jpg
378,image_0379.jpg,image_0356.jpg,image_0373.jpg,image_0362.jpg
379,image_0380.jpg,image_0377.jpg,image_0356.jpg,image_0371.jpg
380,image_0381.jpg,image_1360.jpg,image_0400.jpg,image_0373.jpg
381,image_0382.jpg,image_0197.jpg,image_0116.jpg,image_0153.jpg
382,image_0383.jpg,image_0356.jpg,image_0389.jpg,image_0131.jpg
383,image_0384.jpg,image_0809.jpg,image_0817.jpg,image_0847.jpg
384,image_0385.jpg,image_0383.jpg,image_0121.jpg,image_0278.jpg
385,image_0386.jpg,image_0319.jpg,image_0391.jpg,image_0308.jpg
386,image_0387.jpg,image_0295.jpg,image_0359.jpg,image_0378.jpg
387,image_0388.jpg,image_0129.jpg,image_0119.jpg,image_0235.jpg
388,image_0389.jpg,image_0383.jpg,image_0131.jpg,image_0134.jpg
389,image_0390.jpg,image_0377.jpg,image_0358.jpg,image_0326.jpg
390,image_0391.jpg,image_0321.jpg,image_0351.jpg,image_1360.jpg
391,image_0392.jpg,image_0366.jpg,image_0373.jpg,image_0349.jpg
392,image_0393.jpg,image_0391.jpg,image_0341.jpg,image_0321.jpg
393,image_0394.jpg,image_0373.jpg,image_0356.jpg,image_0347.jpg
394,image_0395.jpg,image_0396.jpg,image_1261.jpg,image_1057.jpg
395,image_0396.jpg,image_0395.jpg,image_1057.jpg,image_1343.jpg
396,image_0397.jpg,image_0119.jpg,image_0329.jpg,image_0116.jpg
397,image_0398.jpg,image_0370.jpg,image_0377.jpg,image_0292.jpg
398,image_0399.jpg,image_0391.jpg,image_0333.jpg,image_1299.jpg
399,image_0400.jpg,image_0355.jpg,image_1360.jpg,image_0333.jpg
400,image_0401.jpg,image_0410.jpg,image_0455.jpg,image_1240.jpg
401,image_0402.jpg,image_0472.jpg,image_0437.jpg,image_0474.jpg
402,image_0403.jpg,image_0475.jpg,image_0455.jpg,image_0410.jpg
403,image_0404.jpg,image_0477.jpg,image_0417.jpg,image_0429.jpg
404,image_0405.jpg,image_0476.jpg,image_0474.jpg,image_0437.jpg
405,image_0406.jpg,image_0413.jpg,image_0456.jpg,image_0416.jpg
406,image_0407.jpg,image_0445.jpg,image_0467.jpg,image_0434.jpg
407,image_0408.jpg,image_0419.jpg,image_0430.jpg,image_0462.jpg
408,image_0409.jpg,image_0460.jpg,image_0429.jpg,image_0477.jpg
409,image_0410.jpg,image_0455.jpg,image_0475.jpg,image_0403.jpg
410,image_0411.jpg,image_0468.jpg,image_0465.jpg,image_0432.jpg
411,image_0412.jpg,image_0416.jpg,image_0436.jpg,image_0471.jpg
412,image_0413.jpg,image_0456.jpg,image_0416.jpg,image_0471.jpg
413,image_0414.jpg,image_0464.jpg,image_0437.jpg,image_0474.jpg
414,image_0415.jpg,image_0462.jpg,image_0430.jpg,image_0419.jpg
415,image_0416.jpg,image_0456.jpg,image_0413.jpg,image_0425.jpg
416,image_0417.jpg,image_0429.jpg,image_0460.jpg,image_0404.jpg
417,image_0418.jpg,image_0446.jpg,image_0477.jpg,image_0450.jpg
418,image_0419.jpg,image_0430.jpg,image_0462.jpg,image_0466.jpg
419,image_0420.jpg,image_0448.jpg,image_0454.jpg,image_0449.jpg
420,image_0421.jpg,image_0447.jpg,image_0462.jpg,image_0430.jpg
421,image_0422.jpg,image_0422.jpg,image_0413.jpg,image_0456.jpg
422,image_0423.jpg,image_0416.jpg,image_0413.jpg,image_0456.jpg
423,image_0424.jpg,image_0443.jpg,image_0480.jpg,image_0410.jpg
424,image_0425.jpg,image_0433.jpg,image_0470.jpg,image_0439.jpg
425,image_0426.jpg,image_0415.jpg,image_0409.jpg,image_0474.jpg
426,image_0427.jpg,image_0459.jpg,image_0431.jpg,image_0429.jpg
427,image_0428.jpg,image_0450.jpg,image_0321.jpg,image_1326.jpg
428,image_0429.jpg,image_0460.jpg,image_0434.jpg,image_0467.jpg
429,image_0430.jpg,image_0462.jpg,image_0419.jpg,image_0415.jpg
430,image_0431.jpg,image_0459.jpg,image_0427.jpg,image_0460.jpg
431,image_0432.jpg,image_0462.jpg,image_0465.jpg,image_0411.jpg
432,image_0433.jpg,image_0470.jpg,image_0425.jpg,image_0439.jpg
433,image_0434.jpg,image_0467.jpg,image_0429.jpg,image_0460.jpg
434,image_0435.jpg,image_0309.jpg,image_0313.jpg,image_0274.jpg
435,image_0436.jpg,image_0436.jpg,image_0413.jpg,image_0456.jpg
436,image_0437.jpg,image_0474.jpg,image_0405.jpg,image_0476.jpg
437,image_0438.jpg,image_0474.jpg,image_0437.jpg,image_0477.jpg
438,image_0439.jpg,image_0439.jpg,image_0470.jpg,image_0433.jpg
439,image_0440.jpg,image_0442.jpg,image_0261.jpg,image_0443.jpg
440,image_0441.jpg,image_0432.jpg,image_0465.jpg,image_0065.jpg
441,image_0442.jpg,image_0440.jpg,image_0347.jpg,image_0279.jpg
442,image_0443.jpg,image_0443.jpg,image_0480.jpg,image_0410.jpg
443,image_0444.jpg,image_1310.jpg,image_1326.jpg,image_1328.jpg
444,image_0445.jpg,image_0407.jpg,image_0477.jpg,image_0467.jpg
445,image_0446.jpg,image_0418.jpg,image_0477.jpg,image_0450.jpg
446,image_0447.jpg,image_0421.jpg,image_0462.jpg,image_0430.jpg
447,image_0448.jpg,image_0449.jpg,image_0010.jpg,image_0013.jpg
448,image_0449.jpg,image_0454.jpg,image_0448.jpg,image_0423.jpg
449,image_0450.jpg,image_0428.jpg,image_0440.jpg,image_0446.jpg
450,image_0451.jpg,image_0037.jpg,image_0049.jpg,image_0032.jpg
451,image_0452.jpg,image_0268.jpg,image_0245.jpg,image_0264.jpg
452,image_0453.jpg,image_0439.jpg,image_0470.jpg,image_0433.jpg
453,image_0454.jpg,image_0423.jpg,image_0415.jpg,image_0449.jpg
454,image_0455.jpg,image_0410.jpg,image_0475.jpg,image_0403.jpg
455,image_0456.jpg,image_0456.jpg,image_0416.jpg,image_0471.jpg
456,image_0457.jpg,image_0416.jpg,image_0461.jpg,image_0440.jpg
457,image_0458.jpg,image_0470.jpg,image_0433.jpg,image_0425.jpg
458,image_0459.jpg,image_0427.jpg,image_0431.jpg,image_0429.jpg
459,image_0460.jpg,image_0429.jpg,image_0434.jpg,image_0467.jpg
460,image_0461.jpg,image_0416.jpg,image_0456.jpg,image_0413.jpg
461,image_0462.jpg,image_0432.jpg,image_0415.jpg,image_0430.jpg
462,image_0463.jpg,image_0476.jpg,image_0405.jpg,image_0474.jpg
463,image_0464.jpg,image_0414.jpg,image_0437.jpg,image_0474.jpg
464,image_0465.jpg,image_0432.jpg,image_0468.jpg,image_0411.jpg
465,image_0466.jpg,image_0419.jpg,image_0462.jpg,image_1187.jpg
466,image_0467.jpg,image_0434.jpg,image_0429.jpg,image_0460.jpg
467,image_0468.jpg,image_0411.jpg,image_0465.jpg,image_0432.jpg
468,image_0469.jpg,image_0422.jpg,image_0413.jpg,image_0456.jpg
469,image_0470.jpg,image_0470.jpg,image_0425.jpg,image_0439.jpg
470,image_0471.jpg,image_0436.jpg,image_0413.jpg,image_0456.jpg
471,image_0472.jpg,image_0402.jpg,image_0437.jpg,image_0474.jpg
472,image_0473.jpg,image_0469.jpg,image_0422.jpg,image_0429.jpg
473,image_0474.jpg,image_0437.jpg,image_0405.jpg,image_0476.jpg
474,image_0475.jpg,image_0403.jpg,image_0455.jpg,image_0410.jpg
475,image_0476.jpg,image_0405.jpg,image_0474.jpg,image_0437.jpg
476,image_0477.jpg,image_0404.jpg,image_0429.jpg,image_0460.jpg
477,image_0478.jpg,image_1326.jpg,image_1310.jpg,image_1324.jpg
478,image_0479.jpg,image_0261.jpg,image_0300.jpg,image_0288.jpg
479,image_0480.jpg,image_0443.jpg,image_0424.jpg,image_0303.jpg
480,image_0481.jpg,image_0491.jpg,image_0483.jpg,image_0525.jpg
481,image_0482.jpg,image_0509.jpg,image_0498.jpg,image_0484.jpg
482,image_0483.jpg,image_0489.jpg,image_0481.jpg,image_0499.jpg
483,image_0484.jpg,image_0498.jpg,image_0482.jpg,image_0502.jpg
484,image_0485.jpg,image_0490.jpg,image_0487.jpg,image_0523.jpg
485,image_0486.jpg,image_0494.jpg,image_0481.jpg,image_0520.jpg
486,image_0487.jpg,image_0495.jpg,image_0490.jpg,image_0483.jpg
487,image_0488.jpg,image_0511.jpg,image_0497.jpg,image_0518.jpg
488,image_0489.jpg,image_0483.jpg,image_0514.jpg,image_0509.jpg
489,image_0490.jpg,image_0518.jpg,image_0509.jpg,image_0482.jpg
490,image_0491.jpg,image_0481.jpg,image_0494.jpg,image_0483.jpg
491,image_0492.jpg,image_0522.jpg,image_0483.jpg,image_0498.jpg
492,image_0493.jpg,image_0494.jpg,image_0525.jpg,image_0514.jpg
493,image_0494.jpg,image_0525.jpg,image_0481.jpg,image_0486.jpg
494,image_0495.jpg,image_0487.jpg,image_0499.jpg,image_0483.jpg
495,image_0496.jpg,image_0483.jpg,image_0482.jpg,image_0514.jpg
496,image_0497.jpg,image_0523.jpg,image_0518.jpg,image_0486.jpg
497,image_0498.jpg,image_0484.jpg,image_0482.jpg,image_0502.jpg
498,image_0499.jpg,image_0483.jpg,image_0509.jpg,image_0523.jpg
499,image_0500.jpg,image_0497.jpg,image_0499.jpg,image_0495.jpg
500,image_0501.jpg,image_0502.jpg,image_0549.jpg,image_0497.jpg
501,image_0502.jpg,image_0527.jpg,image_0503.jpg,image_0498.jpg
502,image_0503.jpg,image_0502.jpg,image_0498.jpg,image_0508.jpg
503,image_0504.jpg,image_0482.jpg,image_0563.jpg,image_0516.jpg
504,image_0505.jpg,image_0493.jpg,image_0546.jpg,image_0482.jpg
505,image_0506.jpg,image_0484.jpg,image_0498.jpg,image_0503.jpg
506,image_0507.jpg,image_0503.jpg,image_0498.jpg,image_0529.jpg
507,image_0508.jpg,image_0546.jpg,image_0503.jpg,image_0527.jpg
508,image_0509.jpg,image_0482.jpg,image_0499.jpg,image_0489.jpg
509,image_0510.jpg,image_0551.jpg,image_0511.jpg,image_0514.jpg
510,image_0511.jpg,image_0524.jpg,image_1242.jpg,image_0509.jpg
511,image_0512.jpg,image_0534.jpg,image_0499.jpg,image_0494.jpg
512,image_0513.jpg,image_0555.jpg,image_0554.jpg,image_0511.jpg
513,image_0514.jpg,image_0489.jpg,image_0482.jpg,image_0496.jpg
514,image_0515.jpg,image_0518.jpg,image_0493.jpg,image_0514.jpg
515,image_0516.jpg,image_0546.jpg,image_0482.jpg,image_0481.jpg
516,image_0517.jpg,image_0546.jpg,image_0482.jpg,image_0484.jpg
517,image_0518.jpg,image_0490.jpg,image_0515.jpg,image_0523.jpg
518,image_0519.jpg,image_0518.jpg,image_0531.jpg,image_0661.jpg
519,image_0520.jpg,image_0486.jpg,image_0494.jpg,image_0523.jpg
520,image_0521.jpg,image_0525.jpg,image_0541.jpg,image_0483.jpg
521,image_0522.jpg,image_0481.jpg,image_0492.jpg,image_0516.jpg
522,image_0523.jpg,image_0525.jpg,image_0499.jpg,image_0486.jpg
523,image_0524.jpg,image_0511.jpg,image_0533.jpg,image_0509.jpg
524,image_0525.jpg,image_0494.jpg,image_0481.jpg,image_0521.jpg
525,image_0526.jpg,image_0534.jpg,image_0547.jpg,image_0545.jpg
526,image_0527.jpg,image_0502.jpg,image_0508.jpg,image_0503.jpg
527,image_0528.jpg,image_0496.jpg,image_0503.jpg,image_0529.jpg
528,image_0529.jpg,image_0482.jpg,image_0528.jpg,image_0503.jpg
529,image_0530.jpg,image_0522.jpg,image_0552.jpg,image_0483.jpg
530,image_0531.jpg,image_0536.jpg,image_0551.jpg,image_0547.jpg
531,image_0532.jpg,image_0547.jpg,image_0548.jpg,image_0531.jpg
532,image_0533.jpg,image_0543.jpg,image_0524.jpg,image_0287.jpg
533,image_0534.jpg,image_0526.jpg,image_0512.jpg,image_0551.jpg
534,image_0535.jpg,image_0482.jpg,image_0544.jpg,image_0547.jpg
535,image_0536.jpg,image_0531.jpg,image_0547.jpg,image_0548.jpg
536,image_0537.jpg,image_1085.jpg,image_0360.jpg,image_0625.jpg
537,image_0538.jpg,image_0548.jpg,image_0547.jpg,image_0513.jpg
538,image_0539.jpg,image_0543.jpg,image_0547.jpg,image_0532.jpg
539,image_0540.jpg,image_0531.jpg,image_0514.jpg,image_0536.jpg
540,image_0541.jpg,image_0521.jpg,image_0534.jpg,image_0525.jpg
541,image_0542.jpg,image_0547.jpg,image_0509.jpg,image_0516.jpg
542,image_0543.jpg,image_0539.jpg,image_0533.jpg,image_0550.jpg
543,image_0544.jpg,image_0694.jpg,image_0657.jpg,image_0492.jpg
544,image_0545.jpg,image_0526.jpg,image_0509.jpg,image_0534.jpg
545,image_0546.jpg,image_0516.jpg,image_0482.jpg,image_0481.jpg
546,image_0547.jpg,image_0536.jpg,image_0542.jpg,image_0531.jpg
547,image_0548.jpg,image_0538.jpg,image_0531.jpg,image_0547.jpg
548,image_0549.jpg,image_0552.jpg,image_0483.jpg,image_0685.jpg
549,image_0550.jpg,image_0543.jpg,image_0605.jpg,image_1118.jpg
550,image_0551.jpg,image_0531.jpg,image_0534.jpg,image_0536.jpg
551,image_0552.jpg,image_0549.jpg,image_0483.jpg,image_0522.jpg
552,image_0553.jpg,image_1349.jpg,image_1359.jpg,image_1119.jpg
553,image_0554.jpg,image_0555.jpg,image_0559.jpg,image_0513.jpg
554,image_0555.jpg,image_0554.jpg,image_0513.jpg,image_0559.jpg
555,image_0556.jpg,image_0552.jpg,image_0551.jpg,image_0549.jpg
556,image_0557.jpg,image_0556.jpg,image_0117.jpg,image_1303.jpg
557,image_0558.jpg,image_0212.jpg,image_1111.jpg,image_1247.jpg
558,image_0559.jpg,image_1098.jpg,image_0554.jpg,image_1117.jpg
559,image_0560.jpg,image_0536.jpg,image_0478.jpg,image_0542.jpg
560,image_0561.jpg,image_0567.jpg,image_0574.jpg,image_0015.jpg
561,image_0562.jpg,image_0573.jpg,image_0564.jpg,image_0567.jpg
562,image_0563.jpg,image_0582.jpg,image_0577.jpg,image_1048.jpg
563,image_0564.jpg,image_0573.jpg,image_0058.jpg,image_0021.jpg
564,image_0565.jpg,image_0577.jpg,image_0569.jpg,image_0584.jpg
565,image_0566.jpg,image_0564.jpg,image_0078.jpg,image_0570.jpg
566,image_0567.jpg,image_0561.jpg,image_0593.jpg,image_0581.jpg
567,image_0568.jpg,image_1140.jpg,image_1144.jpg,image_0021.jpg
568,image_0569.jpg,image_0585.jpg,image_0052.jpg,image_0584.jpg
569,image_0570.jpg,image_0571.jpg,image_0564.jpg,image_1055.jpg
570,image_0571.jpg,image_1187.jpg,image_0570.jpg,image_1055.jpg
571,image_0572.jpg,image_0058.jpg,image_0034.jpg,image_0564.jpg
572,image_0573.jpg,image_0076.jpg,image_0564.jpg,image_0058.jpg
573,image_0574.jpg,image_0584.jpg,image_0585.jpg,image_0580.jpg
574,image_0575.jpg,image_0576.jpg,image_0001.jpg,image_0017.jpg
575,image_0576.jpg,image_0575.jpg,image_0571.jpg,image_0029.jpg
576,image_0577.jpg,image_0579.jpg,image_0578.jpg,image_0565.jpg
577,image_0578.jpg,image_0579.jpg,image_0577.jpg,image_0596.jpg
578,image_0579.jpg,image_0578.jpg,image_0577.jpg,image_0586.jpg
579,image_0580.jpg,image_0609.jpg,image_0574.jpg,image_1140.jpg
580,image_0581.jpg,image_0590.jpg,image_0567.jpg,image_0058.jpg
581,image_0582.jpg,image_0586.jpg,image_0573.jpg,image_0564.jpg
582,image_0583.jpg,image_0033.jpg,image_0046.jpg,image_0026.jpg
583,image_0584.jpg,image_0585.jpg,image_0574.jpg,image_0569.jpg
584,image_0585.jpg,image_0584.jpg,image_0569.jpg,image_0574.jpg
585,image_0586.jpg,image_0582.jpg,image_0064.jpg,image_0028.jpg
586,image_0587.jpg,image_0573.jpg,image_0594.jpg,image_0005.jpg
587,image_0588.jpg,image_0614.jpg,image_0609.jpg,image_1190.jpg
588,image_0589.jpg,image_0070.jpg,image_0618.jpg,image_0623.jpg
589,image_0590.jpg,image_0581.jpg,image_0569.jpg,image_0058.jpg
590,image_0591.jpg,image_0200.jpg,image_0171.jpg,image_0066.jpg
591,image_0592.jpg,image_1182.jpg,image_1198.jpg,image_1115.jpg
592,image_0593.jpg,image_0567.jpg,image_0564.jpg,image_0034.jpg
593,image_0594.jpg,image_0587.jpg,image_0573.jpg,image_0593.jpg
594,image_0595.jpg,image_1261.jpg,image_0306.jpg,image_0078.jpg
595,image_0596.jpg,image_0582.jpg,image_0578.jpg,image_0058.jpg
596,image_0597.jpg,image_0569.jpg,image_0571.jpg,image_0590.jpg
597,image_0598.jpg,image_0582.jpg,image_0586.jpg,image_0051.jpg
598,image_0599.jpg,image_0618.jpg,image_0596.jpg,image_0589.jpg
599,image_0600.jpg,image_0614.jpg,image_1104.jpg,image_1050.jpg
600,image_0601.jpg,image_0613.jpg,image_0627.jpg,image_0385.jpg
601,image_0602.jpg,image_0187.jpg,image_0629.jpg,image_0078.jpg
602,image_0603.jpg,image_0611.jpg,image_0623.jpg,image_0637.jpg
603,image_0604.jpg,image_0609.jpg,image_1103.jpg,image_0634.jpg
604,image_0605.jpg,image_0621.jpg,image_1099.jpg,image_1057.jpg
605,image_0606.jpg,image_0124.jpg,image_0154.jpg,image_0601.jpg
606,image_0607.jpg,image_0153.jpg,image_0054.jpg,image_1106.jpg
607,image_0608.jpg,image_0615.jpg,image_1085.jpg,image_1106.jpg
608,image_0609.jpg,image_1183.jpg,image_1164.jpg,image_1060.jpg
609,image_0610.jpg,image_0034.jpg,image_1079.jpg,image_0573.jpg
610,image_0611.jpg,image_0603.jpg,image_0637.jpg,image_0638.jpg
611,image_0612.jpg,image_1110.jpg,image_1082.jpg,image_1095.jpg
612,image_0613.jpg,image_1082.jpg,image_0639.jpg,image_0601.jpg
613,image_0614.jpg,image_1104.jpg,image_1050.jpg,image_0609.jpg
614,image_0615.jpg,image_0608.jpg,image_0625.jpg,image_1085.jpg
615,image_0616.jpg,image_0608.jpg,image_1106.jpg,image_0612.jpg
616,image_0617.jpg,image_0585.jpg,image_0596.jpg,image_0569.jpg
617,image_0618.jpg,image_0599.jpg,image_0589.jpg,image_0623.jpg
618,image_0619.jpg,image_0600.jpg,image_1051.jpg,image_1169.jpg
619,image_0620.jpg,image_1098.jpg,image_1095.jpg,image_0624.jpg
620,image_0621.jpg,image_1090.jpg,image_0600.jpg,image_1099.jpg
621,image_0622.jpg,image_0569.jpg,image_1182.jpg,image_0584.jpg
622,image_0623.jpg,image_0631.jpg,image_1095.jpg,image_0637.jpg
623,image_0624.jpg,image_1055.jpg,image_1182.jpg,image_1198.jpg
624,image_0625.jpg,image_0615.jpg,image_1117.jpg,image_1095.jpg
625,image_0626.jpg,image_1068.jpg,image_0638.jpg,image_0622.jpg
626,image_0627.jpg,image_0613.jpg,image_0608.jpg,image_1113.jpg
627,image_0628.jpg,image_1117.jpg,image_0624.jpg,image_1098.jpg
628,image_0629.jpg,image_0602.jpg,image_0605.jpg,image_1264.jpg
629,image_0630.jpg,image_0152.jpg,image_0140.jpg,image_1196.jpg
630,image_0631.jpg,image_0623.jpg,image_0603.jpg,image_0638.jpg
631,image_0632.jpg,image_1076.jpg,image_0070.jpg,image_0608.jpg
632,image_0633.jpg,image_0138.jpg,image_0290.jpg,image_0318.jpg
633,image_0634.jpg,image_1183.jpg,image_0604.jpg,image_0609.jpg
634,image_0635.jpg,image_0628.jpg,image_1108.jpg,image_1167.jpg
635,image_0636.jpg,image_0615.jpg,image_0639.jpg,image_0608.jpg
636,image_0637.jpg,image_0611.jpg,image_0623.jpg,image_0639.jpg
637,image_0638.jpg,image_0611.jpg,image_0626.jpg,image_0637.jpg
638,image_0639.jpg,image_0615.jpg,image_1110.jpg,image_1085.jpg
639,image_0640.jpg,image_0600.jpg,image_0614.jpg,image_1079.jpg
640,image_0641.jpg,image_0644.jpg,image_0695.jpg,image_0651.jpg
641,image_0642.jpg,image_0681.jpg,image_0651.jpg,image_0665.jpg
642,image_0643.jpg,image_0659.jpg,image_0673.jpg,image_0661.jpg
643,image_0644.jpg,image_0651.jpg,image_0654.jpg,image_0676.jpg
644,image_0645.jpg,image_0644.jpg,image_0678.jpg,image_0651.jpg
645,image_0646.jpg,image_0679.jpg,image_0682.jpg,image_0704.jpg
646,image_0647.jpg,image_0688.jpg,image_0658.jpg,image_0668.jpg
647,image_0648.jpg,image_0651.jpg,image_0678.jpg,image_0654.jpg
648,image_0649.jpg,image_0650.jpg,image_0652.jpg,image_0718.jpg
649,image_0650.jpg,image_0649.jpg,image_0691.jpg,image_0670.jpg
650,image_0651.jpg,image_0665.jpg,image_0654.jpg,image_0648.jpg
651,image_0652.jpg,image_0649.jpg,image_0650.jpg,image_0694.jpg
652,image_0653.jpg,image_0718.jpg,image_0185.jpg,image_0649.jpg
653,image_0654.jpg,image_0682.jpg,image_0651.jpg,image_0665.jpg
654,image_0655.jpg,image_0718.jpg,image_0694.jpg,image_0716.jpg
655,image_0656.jpg,image_0674.jpg,image_0709.jpg,image_0698.jpg
656,image_0657.jpg,image_0688.jpg,image_0647.jpg,image_0680.jpg
657,image_0658.jpg,image_0717.jpg,image_0647.jpg,image_0688.jpg
658,image_0659.jpg,image_0648.jpg,image_0651.jpg,image_0643.jpg
659,image_0660.jpg,image_0648.jpg,image_0679.jpg,image_0703.jpg
660,image_0661.jpg,image_0643.jpg,image_0659.jpg,image_0673.jpg
661,image_0662.jpg,image_0700.jpg,image_0675.jpg,image_0646.jpg
662,image_0663.jpg,image_0670.jpg,image_0648.jpg,image_0650.jpg
663,image_0664.jpg,image_0694.jpg,image_0650.jpg,image_0670.jpg
664,image_0665.jpg,image_0651.jpg,image_0667.jpg,image_0654.jpg
665,image_0666.jpg,image_0687.jpg,image_0675.jpg,image_0704.jpg
666,image_0667.jpg,image_0665.jpg,image_0651.jpg,image_0654.jpg
667,image_0668.jpg,image_0688.jpg,image_0651.jpg,image_0644.jpg
668,image_0669.jpg,image_0689.jpg,image_0654.jpg,image_0666.jpg
669,image_0670.jpg,image_0691.jpg,image_0675.jpg,image_0704.jpg
670,image_0671.jpg,image_0693.jpg,image_0642.jpg,image_0702.jpg
671,image_0672.jpg,image_0695.jpg,image_0644.jpg,image_0654.jpg
672,image_0673.jpg,image_0703.jpg,image_0648.jpg,image_0659.jpg
673,image_0674.jpg,image_0698.jpg,image_0695.jpg,image_0654.jpg
674,image_0675.jpg,image_0704.jpg,image_0666.jpg,image_0644.jpg
675,image_0676.jpg,image_0705.jpg,image_0644.jpg,image_0668.jpg
676,image_0677.jpg,image_0668.jpg,image_0672.jpg,image_0695.jpg
677,image_0678.jpg,image_0648.jpg,image_0651.jpg,image_0659.jpg
678,image_0679.jpg,image_0646.jpg,image_0682.jpg,image_0718.jpg
679,image_0680.jpg,image_0668.jpg,image_0688.jpg,image_0657.jpg
680,image_0681.jpg,image_0642.jpg,image_0704.jpg,image_0691.jpg
681,image_0682.jpg,image_0654.jpg,image_0646.jpg,image_0679.jpg
682,image_0683.jpg,image_0702.jpg,image_0701.jpg,image_0643.jpg
683,image_0684.jpg,image_0660.jpg,image_0679.jpg,image_0646.jpg
684,image_0685.jpg,image_0645.jpg,image_0683.jpg,image_0549.jpg
685,image_0686.jpg,image_0696.jpg,image_0715.jpg,image_0690.jpg
686,image_0687.jpg,image_0666.jpg,image_0704.jpg,image_0675.jpg
687,image_0688.jpg,image_0668.jpg,image_0651.jpg,image_0659.jpg
688,image_0689.jpg,image_0669.jpg,image_0704.jpg,image_0666.jpg
689,image_0690.jpg,image_0716.jpg,image_0718.jpg,image_0694.jpg
690,image_0691.jpg,image_0670.jpg,image_0704.jpg,image_0650.jpg
691,image_0692.jpg,image_0686.jpg,image_0675.jpg,image_0713.jpg
692,image_0693.jpg,image_0671.jpg,image_0702.jpg,image_0642.jpg
693,image_0694.jpg,image_0712.jpg,image_0714.jpg,image_0708.jpg
694,image_0695.jpg,image_0672.jpg,image_0654.jpg,image_0651.jpg
695,image_0696.jpg,image_0686.jpg,image_0579.jpg,image_0051.jpg
696,image_0697.jpg,image_0096.jpg,image_0107.jpg,image_0346.jpg
697,image_0698.jpg,image_0674.jpg,image_0675.jpg,image_0661.jpg
698,image_0699.jpg,image_0647.jpg,image_0657.jpg,image_0688.jpg
699,image_0700.jpg,image_0662.jpg,image_0658.jpg,image_0643.jpg
700,image_0701.jpg,image_0666.jpg,image_0675.jpg,image_0669.jpg
701,image_0702.jpg,image_0701.jpg,image_0704.jpg,image_0683.jpg
702,image_0703.jpg,image_0673.jpg,image_0646.jpg,image_0679.jpg
703,image_0704.jpg,image_0675.jpg,image_0666.jpg,image_0687.jpg
704,image_0705.jpg,image_0676.jpg,image_0644.jpg,image_0668.jpg
705,image_0706.jpg,image_0123.jpg,image_0151.jpg,image_0208.jpg
706,image_0707.jpg,image_0709.jpg,image_0712.jpg,image_0682.jpg
707,image_0708.jpg,image_0694.jpg,image_0691.jpg,image_0712.jpg
708,image_0709.jpg,image_0707.jpg,image_0682.jpg,image_0714.jpg
709,image_0710.jpg,image_0707.jpg,image_0694.jpg,image_0712.jpg
710,image_0711.jpg,image_0682.jpg,image_0679.jpg,image_0646.jpg
711,image_0712.jpg,image_0694.jpg,image_0714.jpg,image_0682.jpg
712,image_0713.jpg,image_1119.jpg,image_1076.jpg,image_0233.jpg
713,image_0714.jpg,image_0694.jpg,image_0712.jpg,image_0643.jpg
714,image_0715.jpg,image_0686.jpg,image_0106.jpg,image_0692.jpg
715,image_0716.jpg,image_0718.jpg,image_0712.jpg,image_0679.jpg
716,image_0717.jpg,image_0658.jpg,image_0691.jpg,image_0670.jpg
717,image_0718.jpg,image_0716.jpg,image_0679.jpg,image_0646.jpg
718,image_0719.jpg,image_0649.jpg,image_0716.jpg,image_0718.jpg
719,image_0720.jpg,image_0688.jpg,image_0705.jpg,image_0676.jpg
720,image_0721.jpg,image_0752.jpg,image_0761.jpg,image_0734.jpg
721,image_0722.jpg,image_0741.jpg,image_0799.jpg,image_0752.jpg
722,image_0723.jpg,image_0774.jpg,image_0749.jpg,image_0760.jpg
723,image_0724.jpg,image_0749.jpg,image_0773.jpg,image_0762.jpg
724,image_0725.jpg,image_0723.jpg,image_0745.jpg,image_0744.jpg
725,image_0726.jpg,image_0797.jpg,image_0773.jpg,image_0735.jpg
726,image_0727.jpg,image_0749.jpg,image_0752.jpg,image_0761.jpg
727,image_0728.jpg,image_0732.jpg,image_0744.jpg,image_0761.jpg
728,image_0729.jpg,image_0735.jpg,image_0734.jpg,image_0751.jpg
729,image_0730.jpg,image_0755.jpg,image_0781.jpg,image_0748.jpg
730,image_0731.jpg,image_0765.jpg,image_0752.jpg,image_0761.jpg
731,image_0732.jpg,image_0728.jpg,image_0729.jpg,image_0783.jpg
732,image_0733.jpg,image_0754.jpg,image_0746.jpg,image_0744.jpg
733,image_0734.jpg,image_0738.jpg,image_0721.jpg,image_0741.jpg
734,image_0735.jpg,image_0729.jpg,image_0751.jpg,image_0738.jpg
735,image_0736.jpg,image_0770.jpg,image_0729.jpg,image_0734.jpg
736,image_0737.jpg,image_0752.jpg,image_0761.jpg,image_0721.jpg
737,image_0738.jpg,image_0734.jpg,image_0795.jpg,image_0729.jpg
738,image_0739.jpg,image_0734.jpg,image_0742.jpg,image_0731.jpg
739,image_0740.jpg,image_0747.jpg,image_0721.jpg,image_0799.jpg
740,image_0741.jpg,image_0799.jpg,image_0752.jpg,image_0761.jpg
741,image_0742.jpg,image_0739.jpg,image_0797.jpg,image_0784.jpg
742,image_0743.jpg,image_0732.jpg,image_0744.jpg,image_0725.jpg
743,image_0744.jpg,image_0761.jpg,image_0752.jpg,image_0728.jpg
744,image_0745.jpg,image_0774.jpg,image_0723.jpg,image_0785.jpg
745,image_0746.jpg,image_0764.jpg,image_0752.jpg,image_0761.jpg
746,image_0747.jpg,image_0799.jpg,image_0741.jpg,image_0752.jpg
747,image_0748.jpg,image_0758.jpg,image_0774.jpg,image_0730.jpg
748,image_0749.jpg,image_0774.jpg,image_0762.jpg,image_0723.jpg
749,image_0750.jpg,image_0741.jpg,image_0760.jpg,image_0774.jpg
750,image_0751.jpg,image_0723.jpg,image_0749.jpg,image_0729.jpg
751,image_0752.jpg,image_0761.jpg,image_0721.jpg,image_0744.jpg
752,image_0753.jpg,image_0723.jpg,image_0751.jpg,image_0741.jpg
753,image_0754.jpg,image_0752.jpg,image_0761.jpg,image_0746.jpg
754,image_0755.jpg,image_0730.jpg,image_0729.jpg,image_0781.jpg
755,image_0756.jpg,image_0777.jpg,image_0747.jpg,image_0753.jpg
756,image_0757.jpg,image_0746.jpg,image_0734.jpg,image_0736.jpg
757,image_0758.jpg,image_0748.jpg,image_0781.jpg,image_0730.jpg
758,image_0759.jpg,image_0723.jpg,image_0774.jpg,image_0745.jpg
759,image_0760.jpg,image_0774.jpg,image_0781.jpg,image_0723.jpg
760,image_0761.jpg,image_0752.jpg,image_0721.jpg,image_0744.jpg
761,image_0762.jpg,image_0749.jpg,image_0774.jpg,image_0723.jpg
762,image_0763.jpg,image_0800.jpg,image_0735.jpg,image_0729.jpg
763,image_0764.jpg,image_0746.jpg,image_0757.jpg,image_0754.jpg
764,image_0765.jpg,image_0731.jpg,image_0752.jpg,image_0761.jpg
765,image_0766.jpg,image_0737.jpg,image_0739.jpg,image_0721.jpg
766,image_0767.jpg,image_0781.jpg,image_0734.jpg,image_0760.jpg
767,image_0768.jpg,image_0776.jpg,image_0778.jpg,image_0727.jpg
768,image_0769.jpg,image_0737.jpg,image_0746.jpg,image_0752.jpg
769,image_0770.jpg,image_0736.jpg,image_0734.jpg,image_0738.jpg
770,image_0771.jpg,image_0736.jpg,image_0796.jpg,image_0735.jpg
771,image_0772.jpg,image_0784.jpg,image_0739.jpg,image_0742.jpg
772,image_0773.jpg,image_0724.jpg,image_0726.jpg,image_0743.jpg
773,image_0774.jpg,image_0749.jpg,image_0723.jpg,image_0760.jpg
774,image_0775.jpg,image_0741.jpg,image_0765.jpg,image_0731.jpg
775,image_0776.jpg,image_0731.jpg,image_0765.jpg,image_0739.jpg
776,image_0777.jpg,image_0756.jpg,image_0747.jpg,image_0753.jpg
777,image_0778.jpg,image_0776.jpg,image_0757.jpg,image_0727.jpg
778,image_0779.jpg,image_0793.jpg,image_0774.jpg,image_0831.jpg
779,image_0780.jpg,image_0749.jpg,image_0743.jpg,image_0774.jpg
780,image_0781.jpg,image_0758.jpg,image_0760.jpg,image_0730.jpg
781,image_0782.jpg,image_0796.jpg,image_0797.jpg,image_0783.jpg
782,image_0783.jpg,image_0732.jpg,image_0755.jpg,image_0796.jpg
783,image_0784.jpg,image_0797.jpg,image_0770.jpg,image_0798.jpg
784,image_0785.jpg,image_0774.jpg,image_0745.jpg,image_0723.jpg
785,image_0786.jpg,image_0774.jpg,image_0749.jpg,image_0723.jpg
786,image_0787.jpg,image_0767.jpg,image_0745.jpg,image_0758.jpg
787,image_0788.jpg,image_0743.jpg,image_0737.jpg,image_0780.jpg
788,image_0789.jpg,image_0746.jpg,image_0737.jpg,image_0757.jpg
789,image_0790.jpg,image_0760.jpg,image_0781.jpg,image_0723.jpg
790,image_0791.jpg,image_0799.jpg,image_0741.jpg,image_0722.jpg
791,image_0792.jpg,image_0745.jpg,image_0785.jpg,image_0758.jpg
792,image_0793.jpg,image_0741.jpg,image_0779.jpg,image_0760.jpg
793,image_0794.jpg,image_0721.jpg,image_0765.jpg,image_0731.jpg
794,image_0795.jpg,image_0797.jpg,image_0734.jpg,image_0798.jpg
795,image_0796.jpg,image_0783.jpg,image_0726.jpg,image_0782.jpg
796,image_0797.jpg,image_0795.jpg,image_0741.jpg,image_0799.jpg
797,image_0798.jpg,image_0795.jpg,image_0797.jpg,image_0784.jpg
798,image_0799.jpg,image_0741.jpg,image_0747.jpg,image_0797.jpg
799,image_0800.jpg,image_0781.jpg,image_0760.jpg,image_0767.jpg
800,image_0801.jpg,image_0826.jpg,image_0813.jpg,image_0831.jpg
801,image_0802.jpg,image_0841.jpg,image_0854.jpg,image_0830.jpg
802,image_0803.jpg,image_0847.jpg,image_0821.jpg,image_0835.jpg
803,image_0804.jpg,image_0823.jpg,image_0850.jpg,image_0840.jpg
804,image_0805.jpg,image_0868.jpg,image_0849.jpg,image_0854.jpg
805,image_0806.jpg,image_0832.jpg,image_0853.jpg,image_0842.jpg
806,image_0807.jpg,image_0830.jpg,image_0850.jpg,image_0823.jpg
807,image_0808.jpg,image_0824.jpg,image_0853.jpg,image_0832.jpg
808,image_0809.jpg,image_0819.jpg,image_0847.jpg,image_0821.jpg
809,image_0810.jpg,image_0828.jpg,image_0848.jpg,image_0860.jpg
810,image_0811.jpg,image_0856.jpg,image_0813.jpg,image_0831.jpg
811,image_0812.jpg,image_0827.jpg,image_0832.jpg,image_0853.jpg
812,image_0813.jpg,image_0826.jpg,image_0831.jpg,image_0827.jpg
813,image_0814.jpg,image_0853.jpg,image_0832.jpg,image_0842.jpg
814,image_0815.jpg,image_0846.jpg,image_0825.jpg,image_0839.jpg
815,image_0816.jpg,image_0849.jpg,image_0810.jpg,image_1252.jpg
816,image_0817.jpg,image_0834.jpg,image_0827.jpg,image_0806.jpg
817,image_0818.jpg,image_0829.jpg,image_0817.jpg,image_0833.jpg
818,image_0819.jpg,image_0873.jpg,image_0809.jpg,image_0835.jpg
819,image_0820.jpg,image_0855.jpg,image_0811.jpg,image_0856.jpg
820,image_0821.jpg,image_0847.jpg,image_0803.jpg,image_0853.jpg
821,image_0822.jpg,image_0813.jpg,image_0811.jpg,image_0856.jpg
822,image_0823.jpg,image_0850.jpg,image_0804.jpg,image_0824.jpg
823,image_0824.jpg,image_0806.jpg,image_0829.jpg,image_0853.jpg
824,image_0825.jpg,image_0821.jpg,image_0847.jpg,image_0839.jpg
825,image_0826.jpg,image_0813.jpg,image_0831.jpg,image_0843.jpg
826,image_0827.jpg,image_0832.jpg,image_0853.jpg,image_0814.jpg
827,image_0828.jpg,image_0848.jpg,image_0817.jpg,image_0810.jpg
828,image_0829.jpg,image_0824.jpg,image_0817.jpg,image_0833.jpg
829,image_0830.jpg,image_0852.jpg,image_0810.jpg,image_0854.jpg
830,image_0831.jpg,image_0839.jpg,image_0806.jpg,image_0837.jpg
831,image_0832.jpg,image_0853.jpg,image_0814.jpg,image_0833.jpg
832,image_0833.jpg,image_0860.jpg,image_0853.jpg,image_0832.jpg
833,image_0834.jpg,image_0817.jpg,image_0806.jpg,image_0831.jpg
834,image_0835.jpg,image_0865.jpg,image_0806.jpg,image_0819.jpg
835,image_0836.jpg,image_0862.jpg,image_0838.jpg,image_0866.jpg
836,image_0837.jpg,image_0865.jpg,image_0831.jpg,image_0806.jpg
837,image_0838.jpg,image_0866.jpg,image_0832.jpg,image_0853.jpg
838,image_0839.jpg,image_0831.jpg,image_0832.jpg,image_0853.jpg
839,image_0840.jpg,image_0804.jpg,image_0825.jpg,image_0821.jpg
840,image_0841.jpg,image_0802.jpg,image_0854.jpg,image_0830.jpg
841,image_0842.jpg,image_0814.jpg,image_0844.jpg,image_0806.jpg
842,image_0843.jpg,image_0826.jpg,image_0842.jpg,image_0863.jpg
843,image_0844.jpg,image_0842.jpg,image_0806.jpg,image_0863.jpg
844,image_0845.jpg,image_0871.jpg,image_0879.jpg,image_0874.jpg
845,image_0846.jpg,image_0815.jpg,image_0825.jpg,image_0835.jpg
846,image_0847.jpg,image_0821.jpg,image_0803.jpg,image_0853.jpg
847,image_0848.jpg,image_0828.jpg,image_0817.jpg,image_0810.jpg
848,image_0849.jpg,image_0854.jpg,image_0810.jpg,image_0848.jpg
849,image_0850.jpg,image_0823.jpg,image_0804.jpg,image_0824.jpg
850,image_0851.jpg,image_0857.jpg,image_0844.jpg,image_0842.jpg
851,image_0852.jpg,image_0832.jpg,image_0853.jpg,image_0814.jpg
852,image_0853.jpg,image_0832.jpg,image_0814.jpg,image_0833.jpg
853,image_0854.jpg,image_0802.jpg,image_0841.jpg,image_0849.jpg
854,image_0855.jpg,image_0820.jpg,image_0811.jpg,image_0856.jpg
855,image_0856.jpg,image_0811.jpg,image_0813.jpg,image_0831.jpg
856,image_0857.jpg,image_0863.jpg,image_0844.jpg,image_0819.jpg
857,image_0858.jpg,image_0841.jpg,image_0802.jpg,image_0867.jpg
858,image_0859.jpg,image_0874.jpg,image_0801.jpg,image_0875.jpg
859,image_0860.jpg,image_0833.jpg,image_0853.jpg,image_0832.jpg
860,image_0861.jpg,image_0830.jpg,image_0854.jpg,image_0810.jpg
861,image_0862.jpg,image_0836.jpg,image_0838.jpg,image_0866.jpg
862,image_0863.jpg,image_0806.jpg,image_0844.jpg,image_0842.jpg
863,image_0864.jpg,image_0858.jpg,image_0869.jpg,image_0877.jpg
864,image_0865.jpg,image_0835.jpg,image_0837.jpg,image_0819.jpg
865,image_0866.jpg,image_0838.jpg,image_0832.jpg,image_0853.jpg
866,image_0867.jpg,image_0856.jpg,image_0811.jpg,image_0822.jpg
867,image_0868.jpg,image_0854.jpg,image_0805.jpg,image_0802.jpg
868,image_0869.jpg,image_0858.jpg,image_0807.jpg,image_0849.jpg
869,image_0870.jpg,image_0862.jpg,image_0836.jpg,image_0866.jpg
870,image_0871.jpg,image_0809.jpg,image_0820.jpg,image_0855.jpg
871,image_0872.jpg,image_0876.jpg,image_0819.jpg,image_0873.jpg
872,image_0873.jpg,image_0819.jpg,image_0844.jpg,image_0863.jpg
873,image_0874.jpg,image_0878.jpg,image_0875.jpg,image_0819.jpg
874,image_0875.jpg,image_0876.jpg,image_0819.jpg,image_0873.jpg
875,image_0876.jpg,image_0819.jpg,image_0875.jpg,image_0872.jpg
876,image_0877.jpg,image_0878.jpg,image_0801.jpg,image_0876.jpg
877,image_0878.jpg,image_0874.jpg,image_0873.jpg,image_0819.jpg
878,image_0879.jpg,image_0875.jpg,image_0863.jpg,image_0857.jpg
879,image_0880.jpg,image_0873.jpg,image_0863.jpg,image_0819.jpg
880,image_0881.jpg,image_0894.jpg,image_0919.jpg,image_0904.jpg
881,image_0882.jpg,image_0921.jpg,image_0895.jpg,image_0912.jpg
882,image_0883.jpg,image_0884.jpg,image_0888.jpg,image_0976.jpg
883,image_0884.jpg,image_0976.jpg,image_0901.jpg,image_0980.jpg
884,image_0885.jpg,image_0918.jpg,image_0900.jpg,image_0882.jpg
885,image_0886.jpg,image_0912.jpg,image_0897.jpg,image_0887.jpg
886,image_0887.jpg,image_0890.jpg,image_0975.jpg,image_1006.jpg
887,image_0888.jpg,image_0918.jpg,image_0884.jpg,image_0961.jpg
888,image_0889.jpg,image_0895.jpg,image_0891.jpg,image_0923.jpg
889,image_0890.jpg,image_0909.jpg,image_0935.jpg,image_0897.jpg
890,image_0891.jpg,image_0889.jpg,image_0896.jpg,image_0895.jpg
891,image_0892.jpg,image_0900.jpg,image_0889.jpg,image_0939.jpg
892,image_0893.jpg,image_0929.jpg,image_0905.jpg,image_0900.jpg
893,image_0894.jpg,image_0909.jpg,image_0935.jpg,image_0904.jpg
894,image_0895.jpg,image_0882.jpg,image_0921.jpg,image_0889.jpg
895,image_0896.jpg,image_0901.jpg,image_0895.jpg,image_0897.jpg
896,image_0897.jpg,image_0890.jpg,image_0912.jpg,image_0987.jpg
897,image_0898.jpg,image_0927.jpg,image_1001.jpg,image_0928.jpg
898,image_0899.jpg,image_0900.jpg,image_0892.jpg,image_0905.jpg
899,image_0900.jpg,image_0885.jpg,image_0889.jpg,image_0936.jpg
900,image_0901.jpg,image_0963.jpg,image_0884.jpg,image_0896.jpg
901,image_0902.jpg,image_0918.jpg,image_0937.jpg,image_0910.jpg
902,image_0903.jpg,image_0949.jpg,image_0884.jpg,image_0901.jpg
903,image_0904.jpg,image_0909.jpg,image_0935.jpg,image_0894.jpg
904,image_0905.jpg,image_0889.jpg,image_0900.jpg,image_0929.jpg
905,image_0906.jpg,image_0926.jpg,image_0911.jpg,image_0920.jpg
906,image_0907.jpg,image_0923.jpg,image_0918.jpg,image_0889.jpg
907,image_0908.jpg,image_0932.jpg,image_0909.jpg,image_0935.jpg
908,image_0909.jpg,image_0935.jpg,image_0890.jpg,image_0920.jpg
909,image_0910.jpg,image_0937.jpg,image_0920.jpg,image_0918.jpg
910,image_0911.jpg,image_0926.jpg,image_0906.jpg,image_0920.jpg
911,image_0912.jpg,image_0897.jpg,image_0935.jpg,image_0909.jpg
912,image_0913.jpg,image_0911.jpg,image_0926.jpg,image_0906.jpg
913,image_0914.jpg,image_1025.jpg,image_1035.jpg,image_0989.jpg
914,image_0915.jpg,image_0928.jpg,image_0909.jpg,image_0935.jpg
915,image_0916.jpg,image_0933.jpg,image_0888.jpg,image_1004.jpg
916,image_0917.jpg,image_0890.jpg,image_0909.jpg,image_0935.jpg
917,image_0918.jpg,image_0923.jpg,image_0907.jpg,image_0885.jpg
918,image_0919.jpg,image_0937.jpg,image_0910.jpg,image_0909.jpg
919,image_0920.jpg,image_0909.jpg,image_0935.jpg,image_0911.jpg
920,image_0921.jpg,image_0882.jpg,image_0895.jpg,image_0912.jpg
921,image_0922.jpg,image_0339.jpg,image_0342.jpg,image_0601.jpg
922,image_0923.jpg,image_0907.jpg,image_0918.jpg,image_0889.jpg
923,image_0924.jpg,image_0973.jpg,image_0937.jpg,image_0910.jpg
924,image_0925.jpg,image_0949.jpg,image_0903.jpg,image_0936.jpg
925,image_0926.jpg,image_0906.jpg,image_0911.jpg,image_0920.jpg
926,image_0927.jpg,image_0898.jpg,image_0915.jpg,image_0928.jpg
927,image_0928.jpg,image_0915.jpg,image_0927.jpg,image_0898.jpg
928,image_0929.jpg,image_0893.jpg,image_0905.jpg,image_0900.jpg
929,image_0930.jpg,image_0905.jpg,image_0929.jpg,image_0893.jpg
930,image_0931.jpg,image_0968.jpg,image_0920.jpg,image_0995.jpg
931,image_0932.jpg,image_0908.jpg,image_0909.jpg,image_0935.jpg
932,image_0933.jpg,image_0888.jpg,image_0916.jpg,image_0902.jpg
933,image_0934.jpg,image_0918.jpg,image_0937.jpg,image_0910.jpg
934,image_0935.jpg,image_0909.jpg,image_0890.jpg,image_0920.jpg
935,image_0936.jpg,image_1030.jpg,image_0900.jpg,image_0940.jpg
936,image_0937.jpg,image_0910.jpg,image_0920.jpg,image_0909.jpg
937,image_0938.jpg,image_0934.jpg,image_0941.jpg,image_1001.jpg
938,image_0939.jpg,image_0959.jpg,image_0958.jpg,image_0892.jpg
939,image_0940.jpg,image_1030.jpg,image_1040.jpg,image_0952.jpg
940,image_0941.jpg,image_0914.jpg,image_1000.jpg,image_1040.jpg
941,image_0942.jpg,image_0899.jpg,image_0958.jpg,image_0954.jpg
942,image_0943.jpg,image_1167.jpg,image_0898.jpg,image_0957.jpg
943,image_0944.jpg,image_0958.jpg,image_1118.jpg,image_1083.jpg
944,image_0945.jpg,image_0905.jpg,image_1033.jpg,image_0959.jpg
945,image_0946.jpg,image_0955.jpg,image_0958.jpg,image_0952.jpg
946,image_0947.jpg,image_0940.jpg,image_0889.jpg,image_1036.jpg
947,image_0948.jpg,image_0921.jpg,image_0882.jpg,image_0894.jpg
948,image_0949.jpg,image_0903.jpg,image_0925.jpg,image_0884.jpg
949,image_0950.jpg,image_1263.jpg,image_0197.jpg,image_0929.jpg
950,image_0951.jpg,image_0959.jpg,image_0952.jpg,image_0940.jpg
951,image_0952.jpg,image_0940.jpg,image_0943.jpg,image_0951.jpg
952,image_0953.jpg,image_0938.jpg,image_0563.jpg,image_0700.jpg
953,image_0954.jpg,image_0905.jpg,image_0889.jpg,image_0958.jpg
954,image_0955.jpg,image_0946.jpg,image_0938.jpg,image_1017.jpg
955,image_0956.jpg,image_0955.jpg,image_0958.jpg,image_1197.jpg
956,image_0957.jpg,image_0960.jpg,image_0943.jpg,image_1039.jpg
957,image_0958.jpg,image_1074.jpg,image_1091.jpg,image_0074.jpg
958,image_0959.jpg,image_0951.jpg,image_1038.jpg,image_0939.jpg
959,image_0960.jpg,image_0957.jpg,image_1039.jpg,image_0943.jpg
960,image_0961.jpg,image_0991.jpg,image_0989.jpg,image_0976.jpg
961,image_0962.jpg,image_1002.jpg,image_0983.jpg,image_1007.jpg
962,image_0963.jpg,image_0991.jpg,image_0980.jpg,image_0964.jpg
963,image_0964.jpg,image_1003.jpg,image_0974.jpg,image_0968.jpg
964,image_0965.jpg,image_0970.jpg,image_0979.jpg,image_0968.jpg
965,image_0966.jpg,image_1012.jpg,image_0979.jpg,image_0995.jpg
966,image_0967.jpg,image_0983.jpg,image_1007.jpg,image_0986.jpg
967,image_0968.jpg,image_0983.jpg,image_0970.jpg,image_1019.jpg
968,image_0969.jpg,image_0970.jpg,image_0985.jpg,image_0974.jpg
969,image_0970.jpg,image_0968.jpg,image_1019.jpg,image_0985.jpg
970,image_0971.jpg,image_1016.jpg,image_0983.jpg,image_0967.jpg
971,image_0972.jpg,image_1021.jpg,image_0980.jpg,image_0970.jpg
972,image_0973.jpg,image_0910.jpg,image_0937.jpg,image_0924.jpg
973,image_0974.jpg,image_1003.jpg,image_1007.jpg,image_0986.jpg
974,image_0975.jpg,image_0987.jpg,image_1007.jpg,image_0986.jpg
975,image_0976.jpg,image_0980.jpg,image_0989.jpg,image_1008.jpg
976,image_0977.jpg,image_0970.jpg,image_0979.jpg,image_1019.jpg
977,image_0978.jpg,image_0904.jpg,image_0994.jpg,image_1015.jpg
978,image_0979.jpg,image_0968.jpg,image_1007.jpg,image_0986.jpg
979,image_0980.jpg,image_0989.jpg,image_0976.jpg,image_0988.jpg
980,image_0981.jpg,image_0994.jpg,image_0926.jpg,image_0906.jpg
981,image_0982.jpg,image_1017.jpg,image_0976.jpg,image_0995.jpg
982,image_0983.jpg,image_0967.jpg,image_0968.jpg,image_1007.jpg
983,image_0984.jpg,image_0970.jpg,image_0985.jpg,image_1009.jpg
984,image_0985.jpg,image_1003.jpg,image_0974.jpg,image_0968.jpg
985,image_0986.jpg,image_1007.jpg,image_0967.jpg,image_0983.jpg
986,image_0987.jpg,image_1007.jpg,image_0986.jpg,image_0974.jpg
987,image_0988.jpg,image_1008.jpg,image_0980.jpg,image_0976.jpg
988,image_0989.jpg,image_0980.jpg,image_0976.jpg,image_0988.jpg
989,image_0990.jpg,image_1010.jpg,image_1020.jpg,image_0995.jpg
990,image_0991.jpg,image_0983.jpg,image_0963.jpg,image_0961.jpg
991,image_0992.jpg,image_1011.jpg,image_0997.jpg,image_0974.jpg
992,image_0993.jpg,image_1018.jpg,image_0995.jpg,image_1020.jpg
993,image_0994.jpg,image_1015.jpg,image_1020.jpg,image_0995.jpg
994,image_0995.jpg,image_1020.jpg,image_1018.jpg,image_0993.jpg
995,image_0996.jpg,image_1018.jpg,image_0993.jpg,image_0910.jpg
996,image_0997.jpg,image_1027.jpg,image_0987.jpg,image_0975.jpg
997,image_0998.jpg,image_0966.jpg,image_1012.jpg,image_0970.jpg
998,image_0999.jpg,image_0988.jpg,image_1008.jpg,image_1021.jpg
999,image_1000.jpg,image_1008.jpg,image_0988.jpg,image_1035.jpg
1000,image_1001.jpg,image_0898.jpg,image_0913.jpg,image_0927.jpg
1001,image_1002.jpg,image_0962.jpg,image_0983.jpg,image_1007.jpg
1002,image_1003.jpg,image_0974.jpg,image_0964.jpg,image_0985.jpg
1003,image_1004.jpg,image_0905.jpg,image_1035.jpg,image_0884.jpg
1004,image_1005.jpg,image_0977.jpg,image_0985.jpg,image_0970.jpg
1005,image_1006.jpg,image_0887.jpg,image_0981.jpg,image_0904.jpg
1006,image_1007.jpg,image_0986.jpg,image_0967.jpg,image_0983.jpg
1007,image_1008.jpg,image_0988.jpg,image_0980.jpg,image_0976.jpg
1008,image_1009.jpg,image_0968.jpg,image_0970.jpg,image_1019.jpg
1009,image_1010.jpg,image_0990.jpg,image_1017.jpg,image_0982.jpg
1010,image_1011.jpg,image_0992.jpg,image_0997.jpg,image_0974.jpg
1011,image_1012.jpg,image_0966.jpg,image_0979.jpg,image_0995.jpg
1012,image_1013.jpg,image_0997.jpg,image_1022.jpg,image_0987.jpg
1013,image_1014.jpg,image_1024.jpg,image_1349.jpg,image_0977.jpg
1014,image_1015.jpg,image_0994.jpg,image_1020.jpg,image_0995.jpg
1015,image_1016.jpg,image_0971.jpg,image_0983.jpg,image_1008.jpg
1016,image_1017.jpg,image_1017.jpg,image_0976.jpg,image_0995.jpg
1017,image_1018.jpg,image_0993.jpg,image_0995.jpg,image_1020.jpg
1018,image_1019.jpg,image_0968.jpg,image_0970.jpg,image_1003.jpg
1019,image_1020.jpg,image_0995.jpg,image_1018.jpg,image_0993.jpg
1020,image_1021.jpg,image_0972.jpg,image_0999.jpg,image_1019.jpg
1021,image_1022.jpg,image_0997.jpg,image_1013.jpg,image_0987.jpg
1022,image_1023.jpg,image_0998.jpg,image_0951.jpg,image_1035.jpg
1023,image_1024.jpg,image_1014.jpg,image_1001.jpg,image_0977.jpg
1024,image_1025.jpg,image_0989.jpg,image_1035.jpg,image_0980.jpg
1025,image_1026.jpg,image_0995.jpg,image_1020.jpg,image_1018.jpg
1026,image_1027.jpg,image_0997.jpg,image_1007.jpg,image_0986.jpg
1027,image_1028.jpg,image_1034.jpg,image_0069.jpg,image_1000.jpg
1028,image_1029.jpg,image_0880.jpg,image_1034.jpg,image_1108.jpg
1029,image_1030.jpg,image_0940.jpg,image_1040.jpg,image_0936.jpg
1030,image_1031.jpg,image_0963.jpg,image_1003.jpg,image_0991.jpg
1031,image_1032.jpg,image_0294.jpg,image_0968.jpg,image_1019.jpg
1032,image_1033.jpg,image_0963.jpg,image_0964.jpg,image_0945.jpg
1033,image_1034.jpg,image_0880.jpg,image_1040.jpg,image_0069.jpg
1034,image_1035.jpg,image_0976.jpg,image_0989.jpg,image_0980.jpg
1035,image_1036.jpg,image_1037.jpg,image_0999.jpg,image_0972.jpg
1036,image_1037.jpg,image_1036.jpg,image_0940.jpg,image_1008.jpg
1037,image_1038.jpg,image_0959.jpg,image_1030.jpg,image_1040.jpg
1038,image_1039.jpg,image_1119.jpg,image_1171.jpg,image_1152.jpg
1039,image_1040.jpg,image_0963.jpg,image_1030.jpg,image_1000.jpg
1040,image_1041.jpg,image_1042.jpg,image_1050.jpg,image_0021.jpg
1041,image_1042.jpg,image_1164.jpg,image_1139.jpg,image_1050.jpg
1042,image_1043.jpg,image_1164.jpg,image_1042.jpg,image_0609.jpg
1043,image_1044.jpg,image_1062.jpg,image_0035.jpg,image_1166.jpg
1044,image_1045.jpg,image_1118.jpg,image_1051.jpg,image_1055.jpg
1045,image_1046.jpg,image_1063.jpg,image_1053.jpg,image_1096.jpg
1046,image_1047.jpg,image_1104.jpg,image_1183.jpg,image_1097.jpg
1047,image_1048.jpg,image_1041.jpg,image_1043.jpg,image_1054.jpg
1048,image_1049.jpg,image_1139.jpg,image_0022.jpg,image_0080.jpg
1049,image_1050.jpg,image_0040.jpg,image_1042.jpg,image_1104.jpg
1050,image_1051.jpg,image_0600.jpg,image_1118.jpg,image_1045.jpg
1051,image_1052.jpg,image_1039.jpg,image_1119.jpg,image_1171.jpg
1052,image_1053.jpg,image_1115.jpg,image_1047.jpg,image_0614.jpg
1053,image_1054.jpg,image_1195.jpg,image_0037.jpg,image_1048.jpg
1054,image_1055.jpg,image_1195.jpg,image_1182.jpg,image_1050.jpg
1055,image_1056.jpg,image_1183.jpg,image_1064.jpg,image_1088.jpg
1056,image_1057.jpg,image_1047.jpg,image_0605.jpg,image_1050.jpg
1057,image_1058.jpg,image_1074.jpg,image_1091.jpg,image_1047.jpg
1058,image_1059.jpg,image_0466.jpg,image_1055.jpg,image_1065.jpg
1059,image_1060.jpg,image_1097.jpg,image_1164.jpg,image_0609.jpg
1060,image_1061.jpg,image_1053.jpg,image_0347.jpg,image_1046.jpg
1061,image_1062.jpg,image_1041.jpg,image_1133.jpg,image_1162.jpg
1062,image_1063.jpg,image_1046.jpg,image_1096.jpg,image_1053.jpg
1063,image_1064.jpg,image_1088.jpg,image_1183.jpg,image_1164.jpg
1064,image_1065.jpg,image_0036.jpg,image_0614.jpg,image_1049.jpg
1065,image_1066.jpg,image_1083.jpg,image_1087.jpg,image_1178.jpg
1066,image_1067.jpg,image_1120.jpg,image_1071.jpg,image_1077.jpg
1067,image_1068.jpg,image_0622.jpg,image_1117.jpg,image_0625.jpg
1068,image_1069.jpg,image_1104.jpg,image_1180.jpg,image_1097.jpg
1069,image_1070.jpg,image_0204.jpg,image_0229.jpg,image_0173.jpg
1070,image_1071.jpg,image_1067.jpg,image_1120.jpg,image_1312.jpg
1071,image_1072.jpg,image_1106.jpg,image_1095.jpg,image_1068.jpg
1072,image_1073.jpg,image_1074.jpg,image_1091.jpg,image_1107.jpg
1073,image_1074.jpg,image_1091.jpg,image_1094.jpg,image_1092.jpg
1074,image_1075.jpg,image_1100.jpg,image_1083.jpg,image_1086.jpg
1075,image_1076.jpg,image_1119.jpg,image_1085.jpg,image_1082.jpg
1076,image_1077.jpg,image_1068.jpg,image_1105.jpg,image_1084.jpg
1077,image_1078.jpg,image_1110.jpg,image_1083.jpg,image_1106.jpg
1078,image_1079.jpg,image_1050.jpg,image_1139.jpg,image_1042.jpg
1079,image_1080.jpg,image_1100.jpg,image_0194.jpg,image_1118.jpg
1080,image_1081.jpg,image_1083.jpg,image_1093.jpg,image_1090.jpg
1081,image_1082.jpg,image_1076.jpg,image_1085.jpg,image_0639.jpg
1082,image_1083.jpg,image_1107.jpg,image_1090.jpg,image_1066.jpg
1083,image_1084.jpg,image_1189.jpg,image_1167.jpg,image_1334.jpg
1084,image_1085.jpg,image_1106.jpg,image_1076.jpg,image_0615.jpg
1085,image_1086.jpg,image_1034.jpg,image_1075.jpg,image_1090.jpg
1086,image_1087.jpg,image_1107.jpg,image_1113.jpg,image_1094.jpg
1087,image_1088.jpg,image_1042.jpg,image_1064.jpg,image_1116.jpg
1088,image_1089.jpg,image_1056.jpg,image_1103.jpg,image_0958.jpg
1089,image_1090.jpg,image_1083.jpg,image_0621.jpg,image_1107.jpg
1090,image_1091.jpg,image_1074.jpg,image_1094.jpg,image_1107.jpg
1091,image_1092.jpg,image_1074.jpg,image_1091.jpg,image_1094.jpg
1092,image_1093.jpg,image_1107.jpg,image_1118.jpg,image_1073.jpg
1093,image_1094.jpg,image_1074.jpg,image_1091.jpg,image_1092.jpg
1094,image_1095.jpg,image_1117.jpg,image_1106.jpg,image_1098.jpg
1095,image_1096.jpg,image_1063.jpg,image_0211.jpg,image_1073.jpg
1096,image_1097.jpg,image_1164.jpg,image_1060.jpg,image_1183.jpg
1097,image_1098.jpg,image_1117.jpg,image_1115.jpg,image_1095.jpg
1098,image_1099.jpg,image_0600.jpg,image_1090.jpg,image_0621.jpg
1099,image_1100.jpg,image_1080.jpg,image_0194.jpg,image_1093.jpg
1100,image_1101.jpg,image_1103.jpg,image_1047.jpg,image_1183.jpg
1101,image_1102.jpg,image_1110.jpg,image_1106.jpg,image_1078.jpg
1102,image_1103.jpg,image_1101.jpg,image_0604.jpg,image_1047.jpg
1103,image_1104.jpg,image_1047.jpg,image_1097.jpg,image_0614.jpg
1104,image_1105.jpg,image_0116.jpg,image_1084.jpg,image_1087.jpg
1105,image_1106.jpg,image_1085.jpg,image_1095.jpg,image_1110.jpg
1106,image_1107.jpg,image_1091.jpg,image_1074.jpg,image_1083.jpg
1107,image_1108.jpg,image_1094.jpg,image_1167.jpg,image_1091.jpg
1108,image_1109.jpg,image_1195.jpg,image_1073.jpg,image_1053.jpg
1109,image_1110.jpg,image_1106.jpg,image_1078.jpg,image_1102.jpg
1110,image_1111.jpg,image_0898.jpg,image_1103.jpg,image_1101.jpg
1111,image_1112.jpg,image_1119.jpg,image_1076.jpg,image_1167.jpg
1112,image_1113.jpg,image_1087.jpg,image_1092.jpg,image_1106.jpg
1113,image_1114.jpg,image_0466.jpg,image_1180.jpg,image_1099.jpg
1114,image_1115.jpg,image_1097.jpg,image_1104.jpg,image_1357.jpg
1115,image_1116.jpg,image_1104.jpg,image_1088.jpg,image_0600.jpg
1116,image_1117.jpg,image_1095.jpg,image_1098.jpg,image_1091.jpg
1117,image_1118.jpg,image_1093.jpg,image_1090.jpg,image_1073.jpg
1118,image_1119.jpg,image_1039.jpg,image_1076.jpg,image_0180.jpg
1119,image_1120.jpg,image_1067.jpg,image_0052.jpg,image_1312.jpg
1120,image_1121.jpg,image_1138.jpg,image_1148.jpg,image_1130.jpg
1121,image_1122.jpg,image_1162.jpg,image_1157.jpg,image_1137.jpg
1122,image_1123.jpg,image_1177.jpg,image_1137.jpg,image_1125.jpg
1123,image_1124.jpg,image_1144.jpg,image_1140.jpg,image_1138.jpg
1124,image_1125.jpg,image_1130.jpg,image_1137.jpg,image_1160.jpg
1125,image_1126.jpg,image_1141.jpg,image_1133.jpg,image_1137.jpg
1126,image_1127.jpg,image_1185.jpg,image_1125.jpg,image_1159.jpg
1127,image_1128.jpg,image_1125.jpg,image_1159.jpg,image_1177.jpg
1128,image_1129.jpg,image_1143.jpg,image_1161.jpg,image_1144.jpg
1129,image_1130.jpg,image_1148.jpg,image_1125.jpg,image_1143.jpg
1130,image_1131.jpg,image_1175.jpg,image_1125.jpg,image_1160.jpg
1131,image_1132.jpg,image_1125.jpg,image_0026.jpg,image_1139.jpg
1132,image_1133.jpg,image_1134.jpg,image_1143.jpg,image_1141.jpg
1133,image_1134.jpg,image_1144.jpg,image_1164.jpg,image_1161.jpg
1134,image_1135.jpg,image_1137.jpg,image_1125.jpg,image_1136.jpg
1135,image_1136.jpg,image_1125.jpg,image_1135.jpg,image_1137.jpg
1136,image_1137.jpg,image_1177.jpg,image_1123.jpg,image_1133.jpg
1137,image_1138.jpg,image_1121.jpg,image_1124.jpg,image_1148.jpg
1138,image_1139.jpg,image_1042.jpg,image_1190.jpg,image_1164.jpg
1139,image_1140.jpg,image_1139.jpg,image_1124.jpg,image_1160.jpg
1140,image_1141.jpg,image_1144.jpg,image_1157.jpg,image_1160.jpg
1141,image_1142.jpg,image_1176.jpg,image_1143.jpg,image_1134.jpg
1142,image_1143.jpg,image_1161.jpg,image_1144.jpg,image_1134.jpg
1143,image_1144.jpg,image_1134.jpg,image_1161.jpg,image_1143.jpg
1144,image_1145.jpg,image_1306.jpg,image_1143.jpg,image_1157.jpg
1145,image_1146.jpg,image_1165.jpg,image_1148.jpg,image_1138.jpg
1146,image_1147.jpg,image_1186.jpg,image_1150.jpg,image_1168.jpg
1147,image_1148.jpg,image_1130.jpg,image_1138.jpg,image_1125.jpg
1148,image_1149.jpg,image_1141.jpg,image_1144.jpg,image_0006.jpg
1149,image_1150.jpg,image_1168.jpg,image_1129.jpg,image_1130.jpg
1150,image_1151.jpg,image_1170.jpg,image_1155.jpg,image_1138.jpg
1151,image_1152.jpg,image_1171.jpg,image_1180.jpg,image_1191.jpg
1152,image_1153.jpg,image_1157.jpg,image_1283.jpg,image_1143.jpg
1153,image_1154.jpg,image_1173.jpg,image_1164.jpg,image_1134.jpg
1154,image_1155.jpg,image_1170.jpg,image_1151.jpg,image_1131.jpg
1155,image_1156.jpg,image_1137.jpg,image_1177.jpg,image_1123.jpg
1156,image_1157.jpg,image_1141.jpg,image_1153.jpg,image_1143.jpg
1157,image_1158.jpg,image_1157.jpg,image_1148.jpg,image_1130.jpg
1158,image_1159.jpg,image_1130.jpg,image_1140.jpg,image_1125.jpg
1159,image_1160.jpg,image_1141.jpg,image_1140.jpg,image_1125.jpg
1160,image_1161.jpg,image_1143.jpg,image_1144.jpg,image_1134.jpg
1161,image_1162.jpg,image_1122.jpg,image_1157.jpg,image_1143.jpg
1162,image_1163.jpg,image_1164.jpg,image_1042.jpg,image_1193.jpg
1163,image_1164.jpg,image_1097.jpg,image_1183.jpg,image_1134.jpg
1164,image_1165.jpg,image_1146.jpg,image_1148.jpg,image_1138.jpg
1165,image_1166.jpg,image_1125.jpg,image_1141.jpg,image_1160.jpg
1166,image_1167.jpg,image_1335.jpg,image_0180.jpg,image_1338.jpg
1167,image_1168.jpg,image_1150.jpg,image_1129.jpg,image_1130.jpg
1168,image_1169.jpg,image_1050.jpg,image_1163.jpg,image_1042.jpg
1169,image_1170.jpg,image_1151.jpg,image_1155.jpg,image_1138.jpg
1170,image_1171.jpg,image_1152.jpg,image_1180.jpg,image_1191.jpg
1171,image_1172.jpg,image_1139.jpg,image_1190.jpg,image_1041.jpg
1172,image_1173.jpg,image_1154.jpg,image_1164.jpg,image_1134.jpg
1173,image_1174.jpg,image_1187.jpg,image_1129.jpg,image_1133.jpg
1174,image_1175.jpg,image_1131.jpg,image_1125.jpg,image_1160.jpg
1175,image_1176.jpg,image_1142.jpg,image_1143.jpg,image_1134.jpg
1176,image_1177.jpg,image_1123.jpg,image_1137.jpg,image_1125.jpg
1177,image_1178.jpg,image_1095.jpg,image_1106.jpg,image_1066.jpg
1178,image_1179.jpg,image_1188.jpg,image_1182.jpg,image_1190.jpg
1179,image_1180.jpg,image_1195.jpg,image_1183.jpg,image_1097.jpg
1180,image_1181.jpg,image_1193.jpg,image_1079.jpg,image_1163.jpg
1181,image_1182.jpg,image_1195.jpg,image_0592.jpg,image_1198.jpg
1182,image_1183.jpg,image_1164.jpg,image_0609.jpg,image_1097.jpg
1183,image_1184.jpg,image_1164.jpg,image_1183.jpg,image_1097.jpg
1184,image_1185.jpg,image_1139.jpg,image_1130.jpg,image_1125.jpg
1185,image_1186.jpg,image_1192.jpg,image_1182.jpg,image_1194.jpg
1186,image_1187.jpg,image_1180.jpg,image_1174.jpg,image_1129.jpg
1187,image_1188.jpg,image_1179.jpg,image_1190.jpg,image_1192.jpg
1188,image_1189.jpg,image_1190.jpg,image_1097.jpg,image_1047.jpg
1189,image_1190.jpg,image_1139.jpg,image_1164.jpg,image_1192.jpg
1190,image_1191.jpg,image_1180.jpg,image_1192.jpg,image_1190.jpg
1191,image_1192.jpg,image_1190.jpg,image_1186.jpg,image_1191.jpg
1192,image_1193.jpg,image_1138.jpg,image_1050.jpg,image_1163.jpg
1193,image_1194.jpg,image_1186.jpg,image_1182.jpg,image_1192.jpg
1194,image_1195.jpg,image_1180.jpg,image_1182.jpg,image_1055.jpg
1195,image_1196.jpg,image_1195.jpg,image_1182.jpg,image_1055.jpg
1196,image_1197.jpg,image_1194.jpg,image_1192.jpg,image_1195.jpg
1197,image_1198.jpg,image_1182.jpg,image_0592.jpg,image_1195.jpg
1198,image_1199.jpg,image_1046.jpg,image_1172.jpg,image_0037.jpg
1199,image_1200.jpg,image_1041.jpg,image_1199.jpg,image_0015.jpg
1200,image_1201.jpg,image_1215.jpg,image_1234.jpg,image_1214.jpg
1201,image_1202.jpg,image_1243.jpg,image_1230.jpg,image_1240.jpg
1202,image_1203.jpg,image_1253.jpg,image_1212.jpg,image_1252.jpg
1203,image_1204.jpg,image_1230.jpg,image_1233.jpg,image_1217.jpg
1204,image_1205.jpg,image_1242.jpg,image_1232.jpg,image_1223.jpg
1205,image_1206.jpg,image_1237.jpg,image_1238.jpg,image_1204.jpg
1206,image_1207.jpg,image_1233.jpg,image_1211.jpg,image_1222.jpg
1207,image_1208.jpg,image_1216.jpg,image_1219.jpg,image_1230.jpg
1208,image_1209.jpg,image_1227.jpg,image_1218.jpg,image_1228.jpg
1209,image_1210.jpg,image_1211.jpg,image_1215.jpg,image_1217.jpg
1210,image_1211.jpg,image_1217.jpg,image_1222.jpg,image_1233.jpg
1211,image_1212.jpg,image_1235.jpg,image_1215.jpg,image_1230.jpg
1212,image_1213.jpg,image_1225.jpg,image_1205.jpg,image_1228.jpg
1213,image_1214.jpg,image_1245.jpg,image_1222.jpg,image_1209.jpg
1214,image_1215.jpg,image_1216.jpg,image_1234.jpg,image_1233.jpg
1215,image_1216.jpg,image_1208.jpg,image_1215.jpg,image_1219.jpg
1216,image_1217.jpg,image_1219.jpg,image_1230.jpg,image_1235.jpg
1217,image_1218.jpg,image_1251.jpg,image_1277.jpg,image_1230.jpg
1218,image_1219.jpg,image_1230.jpg,image_1217.jpg,image_1235.jpg
1219,image_1220.jpg,image_1244.jpg,image_1260.jpg,image_1246.jpg
1220,image_1221.jpg,image_1207.jpg,image_1270.jpg,image_1202.jpg
1221,image_1222.jpg,image_1204.jpg,image_1211.jpg,image_1233.jpg
1222,image_1223.jpg,image_1205.jpg,image_1232.jpg,image_1211.jpg
1223,image_1224.jpg,image_1235.jpg,image_1252.jpg,image_1232.jpg
1224,image_1225.jpg,image_1217.jpg,image_1213.jpg,image_1215.jpg
1225,image_1226.jpg,image_1248.jpg,image_1220.jpg,image_1260.jpg
1226,image_1227.jpg,image_1209.jpg,image_1230.jpg,image_1251.jpg
1227,image_1228.jpg,image_1230.jpg,image_1209.jpg,image_1219.jpg
1228,image_1229.jpg,image_1215.jpg,image_1207.jpg,image_1232.jpg
1229,image_1230.jpg,image_1235.jpg,image_1219.jpg,image_1217.jpg
1230,image_1231.jpg,image_1204.jpg,image_1219.jpg,image_1233.jpg
1231,image_1232.jpg,image_1205.jpg,image_1242.jpg,image_1223.jpg
1232,image_1233.jpg,image_1204.jpg,image_1211.jpg,image_1222.jpg
1233,image_1234.jpg,image_1215.jpg,image_1207.jpg,image_1233.jpg
1234,image_1235.jpg,image_1230.jpg,image_1219.jpg,image_1217.jpg
1235,image_1236.jpg,image_1228.jpg,image_1235.jpg,image_1230.jpg
1236,image_1237.jpg,image_1271.jpg,image_1206.jpg,image_1230.jpg
1237,image_1238.jpg,image_1206.jpg,image_1237.jpg,image_1204.jpg
1238,image_1239.jpg,image_1209.jpg,image_1211.jpg,image_1223.jpg
1239,image_1240.jpg,image_1202.jpg,image_1204.jpg,image_1243.jpg
1240,image_1241.jpg,image_1216.jpg,image_1223.jpg,image_1211.jpg
1241,image_1242.jpg,image_1205.jpg,image_1232.jpg,image_1246.jpg
1242,image_1243.jpg,image_1202.jpg,image_1230.jpg,image_1208.jpg
1243,image_1244.jpg,image_1220.jpg,image_1265.jpg,image_1251.jpg
1244,image_1245.jpg,image_1214.jpg,image_1222.jpg,image_1209.jpg
1245,image_1246.jpg,image_1260.jpg,image_1209.jpg,image_1227.jpg
1246,image_1247.jpg,image_1253.jpg,image_1328.jpg,image_1270.jpg
1247,image_1248.jpg,image_1226.jpg,image_1220.jpg,image_1260.jpg
1248,image_1249.jpg,image_1246.jpg,image_1278.jpg,image_1252.jpg
1249,image_1250.jpg,image_1239.jpg,image_1331.jpg,image_1215.jpg
1250,image_1251.jpg,image_1218.jpg,image_1277.jpg,image_1230.jpg
1251,image_1252.jpg,image_1209.jpg,image_1230.jpg,image_1235.jpg
1252,image_1253.jpg,image_1230.jpg,image_1203.jpg,image_1251.jpg
1253,image_1254.jpg,image_1277.jpg,image_1237.jpg,image_1267.jpg
1254,image_1255.jpg,image_1203.jpg,image_1271.jpg,image_1230.jpg
1255,image_1256.jpg,image_1267.jpg,image_0211.jpg,image_1096.jpg
1256,image_1257.jpg,image_1278.jpg,image_1251.jpg,image_1276.jpg
1257,image_1258.jpg,image_1263.jpg,image_1249.jpg,image_1246.jpg
1258,image_1259.jpg,image_1278.jpg,image_1276.jpg,image_1257.jpg
1259,image_1260.jpg,image_1209.jpg,image_1251.jpg,image_1246.jpg
1260,image_1261.jpg,image_1257.jpg,image_0595.jpg,image_1278.jpg
1261,image_1262.jpg,image_1244.jpg,image_1275.jpg,image_0357.jpg
1262,image_1263.jpg,image_1258.jpg,image_1249.jpg,image_1220.jpg
1263,image_1264.jpg,image_0238.jpg,image_1261.jpg,image_1263.jpg
1264,image_1265.jpg,image_1244.jpg,image_1220.jpg,image_1257.jpg
1265,image_1266.jpg,image_1206.jpg,image_1220.jpg,image_1274.jpg
1266,image_1267.jpg,image_1271.jpg,image_1257.jpg,image_1251.jpg
1267,image_1268.jpg,image_1260.jpg,image_1249.jpg,image_1220.jpg
1268,image_1269.jpg,image_1274.jpg,image_1271.jpg,image_1267.jpg
1269,image_1270.jpg,image_1339.jpg,image_1221.jpg,image_1246.jpg
1270,image_1271.jpg,image_1237.jpg,image_1251.jpg,image_1230.jpg
1271,image_1272.jpg,image_1280.jpg,image_1091.jpg,image_1337.jpg
1272,image_1273.jpg,image_1220.jpg,image_0366.jpg,image_1244.jpg
1273,image_1274.jpg,image_1251.jpg,image_1277.jpg,image_1260.jpg
1274,image_1275.jpg,image_1218.jpg,image_1228.jpg,image_1209.jpg
1275,image_1276.jpg,image_0844.jpg,image_0857.jpg,image_0880.jpg
1276,image_1277.jpg,image_1218.jpg,image_1251.jpg,image_1271.jpg
1277,image_1278.jpg,image_1246.jpg,image_1209.jpg,image_1257.jpg
1278,image_1279.jpg,image_0385.jpg,image_0383.jpg,image_1028.jpg
1279,image_1280.jpg,image_1272.jpg,image_1091.jpg,image_1074.jpg
1280,image_1281.jpg,image_1355.jpg,image_1324.jpg,image_1297.jpg
1281,image_1282.jpg,image_1307.jpg,image_1289.jpg,image_1328.jpg
1282,image_1283.jpg,image_1306.jpg,image_1315.jpg,image_1290.jpg
1283,image_1284.jpg,image_1286.jpg,image_1292.jpg,image_1332.jpg
1284,image_1285.jpg,image_1291.jpg,image_1294.jpg,image_1288.jpg
1285,image_1286.jpg,image_1292.jpg,image_1290.jpg,image_1319.jpg
1286,image_1287.jpg,image_1295.jpg,image_1173.jpg,image_1154.jpg
1287,image_1288.jpg,image_1329.jpg,image_1294.jpg,image_1307.jpg
1288,image_1289.jpg,image_1282.jpg,image_1307.jpg,image_1295.jpg
1289,image_1290.jpg,image_1286.jpg,image_1283.jpg,image_1292.jpg
1290,image_1291.jpg,image_1288.jpg,image_1324.jpg,image_1307.jpg
1291,image_1292.jpg,image_1286.jpg,image_1158.jpg,image_1290.jpg
1292,image_1293.jpg,image_1288.jpg,image_1307.jpg,image_1328.jpg
1293,image_1294.jpg,image_1288.jpg,image_1324.jpg,image_1309.jpg
1294,image_1295.jpg,image_1315.jpg,image_1154.jpg,image_1173.jpg
1295,image_1296.jpg,image_1298.jpg,image_1286.jpg,image_1307.jpg
1296,image_1297.jpg,image_1324.jpg,image_1359.jpg,image_1281.jpg
1297,image_1298.jpg,image_1286.jpg,image_1319.jpg,image_1293.jpg
1298,image_1299.jpg,image_0353.jpg,image_1105.jpg,image_1094.jpg
1299,image_1300.jpg,image_1320.jpg,image_1307.jpg,image_1317.jpg
1300,image_1301.jpg,image_1346.jpg,image_1342.jpg,image_1315.jpg
1301,image_1302.jpg,image_1310.jpg,image_1320.jpg,image_0324.jpg
1302,image_1303.jpg,image_1315.jpg,image_1281.jpg,image_1307.jpg
1303,image_1304.jpg,image_1315.jpg,image_0046.jpg,image_0033.jpg
1304,image_1305.jpg,image_1322.jpg,image_1298.jpg,image_1286.jpg
1305,image_1306.jpg,image_1283.jpg,image_1144.jpg,image_1154.jpg
1306,image_1307.jpg,image_1282.jpg,image_1288.jpg,image_1328.jpg
1307,image_1308.jpg,image_1325.jpg,image_1290.jpg,image_1298.jpg
1308,image_1309.jpg,image_1281.jpg,image_1294.jpg,image_1288.jpg
1309,image_1310.jpg,image_1326.jpg,image_1307.jpg,image_1288.jpg
1310,image_1311.jpg,image_1327.jpg,image_1293.jpg,image_1288.jpg
1311,image_1312.jpg,image_1220.jpg,image_1205.jpg,image_1273.jpg
1312,image_1313.jpg,image_1306.jpg,image_1342.jpg,image_1304.jpg
1313,image_1314.jpg,image_1333.jpg,image_1300.jpg,image_1320.jpg
1314,image_1315.jpg,image_1295.jpg,image_1283.jpg,image_1301.jpg
1315,image_1316.jpg,image_1215.jpg,image_1331.jpg,image_1216.jpg
1316,image_1317.jpg,image_1285.jpg,image_1300.jpg,image_1307.jpg
1317,image_1318.jpg,image_1334.jpg,image_1324.jpg,image_1281.jpg
1318,image_1319.jpg,image_1286.jpg,image_1289.jpg,image_1298.jpg
1319,image_1320.jpg,image_1300.jpg,image_1293.jpg,image_1319.jpg
1320,image_1321.jpg,image_1283.jpg,image_1157.jpg,image_1295.jpg
1321,image_1322.jpg,image_1305.jpg,image_1315.jpg,image_1295.jpg
1322,image_1323.jpg,image_1305.jpg,image_1303.jpg,image_1322.jpg
1323,image_1324.jpg,image_1281.jpg,image_1297.jpg,image_1294.jpg
1324,image_1325.jpg,image_1308.jpg,image_1319.jpg,image_1286.jpg
1325,image_1326.jpg,image_1310.jpg,image_1324.jpg,image_1281.jpg
1326,image_1327.jpg,image_1311.jpg,image_1293.jpg,image_1288.jpg
1327,image_1328.jpg,image_1348.jpg,image_1307.jpg,image_1288.jpg
1328,image_1329.jpg,image_1288.jpg,image_1294.jpg,image_1328.jpg
1329,image_1330.jpg,image_1344.jpg,image_1310.jpg,image_1331.jpg
1330,image_1331.jpg,image_1332.jpg,image_1289.jpg,image_1293.jpg
1331,image_1332.jpg,image_1331.jpg,image_1284.jpg,image_1292.jpg
1332,image_1333.jpg,image_1288.jpg,image_1310.jpg,image_1281.jpg
1333,image_1334.jpg,image_1318.jpg,image_1335.jpg,image_1189.jpg
1334,image_1335.jpg,image_1167.jpg,image_1338.jpg,image_1047.jpg
1335,image_1336.jpg,image_0272.jpg,image_1347.jpg,image_0265.jpg
1336,image_1337.jpg,image_1356.jpg,image_1091.jpg,image_1074.jpg
1337,image_1338.jpg,image_1359.jpg,image_1357.jpg,image_1335.jpg
1338,image_1339.jpg,image_1342.jpg,image_1270.jpg,image_1246.jpg
1339,image_1340.jpg,image_0366.jpg,image_1360.jpg,image_1244.jpg
1340,image_1341.jpg,image_1309.jpg,image_0350.jpg,image_1294.jpg
1341,image_1342.jpg,image_1339.jpg,image_1301.jpg,image_1260.jpg
1342,image_1343.jpg,image_1348.jpg,image_0306.jpg,image_0396.jpg
1343,image_1344.jpg,image_1328.jpg,image_1282.jpg,image_1330.jpg
1344,image_1345.jpg,image_1277.jpg,image_1281.jpg,image_1297.jpg
1345,image_1346.jpg,image_1301.jpg,image_0180.jpg,image_1339.jpg
1346,image_1347.jpg,image_1328.jpg,image_1301.jpg,image_1270.jpg
1347,image_1348.jpg,image_1328.jpg,image_1288.jpg,image_1294.jpg
1348,image_1349.jpg,image_1270.jpg,image_0604.jpg,image_1103.jpg
1349,image_1350.jpg,image_1326.jpg,image_1288.jpg,image_1328.jpg
1350,image_1351.jpg,image_1286.jpg,image_1319.jpg,image_1325.jpg
1351,image_1352.jpg,image_1342.jpg,image_1295.jpg,image_1203.jpg
1352,image_1353.jpg,image_0180.jpg,image_1274.jpg,image_1342.jpg
1353,image_1354.jpg,image_1309.jpg,image_1288.jpg,image_1294.jpg
1354,image_1355.jpg,image_1281.jpg,image_1359.jpg,image_1297.jpg
1355,image_1356.jpg,image_1337.jpg,image_0305.jpg,image_1074.jpg
1356,image_1357.jpg,image_1183.jpg,image_1047.jpg,image_1338.jpg
1357,image_1358.jpg,image_0293.jpg,image_0289.jpg,image_0309.jpg
1358,image_1359.jpg,image_1338.jpg,image_1355.jpg,image_1297.jpg
1359,image_1360.jpg,image_0391.jpg,image_0321.jpg,image_0373.jpg
